"Date and Time Run #1","Time (s) Run #1","Voltage (V) Run #1"
03/13/2024 02:15:39 pm,0.000,0.3
03/13/2024 02:15:39 pm,0.004,0.6
03/13/2024 02:15:39 pm,0.008,0.8
03/13/2024 02:15:39 pm,0.012,1.1
03/13/2024 02:15:39 pm,0.016,1.4
03/13/2024 02:15:39 pm,0.020,1.7
03/13/2024 02:15:39 pm,0.024,2.0
03/13/2024 02:15:39 pm,0.028,2.2
03/13/2024 02:15:39 pm,0.032,2.5
03/13/2024 02:15:39 pm,0.036,2.8
03/13/2024 02:15:39 pm,0.040,3.1
03/13/2024 02:15:39 pm,0.044,3.5
03/13/2024 02:15:39 pm,0.048,3.8
03/13/2024 02:15:39 pm,0.052,4.1
03/13/2024 02:15:39 pm,0.056,4.4
03/13/2024 02:15:39 pm,0.060,4.8
03/13/2024 02:15:39 pm,0.064,5.1
03/13/2024 02:15:39 pm,0.068,5.5
03/13/2024 02:15:39 pm,0.072,5.8
03/13/2024 02:15:39 pm,0.076,6.2
03/13/2024 02:15:39 pm,0.080,6.4
03/13/2024 02:15:39 pm,0.084,6.8
03/13/2024 02:15:39 pm,0.088,7.1
03/13/2024 02:15:39 pm,0.092,7.5
03/13/2024 02:15:39 pm,0.096,7.9
03/13/2024 02:15:39 pm,0.100,8.2
03/13/2024 02:15:39 pm,0.104,8.6
03/13/2024 02:15:39 pm,0.108,9.0
03/13/2024 02:15:39 pm,0.112,9.4
03/13/2024 02:15:39 pm,0.116,9.7
03/13/2024 02:15:39 pm,0.120,10.1
03/13/2024 02:15:39 pm,0.124,10.4
03/13/2024 02:15:39 pm,0.128,10.8
03/13/2024 02:15:39 pm,0.132,11.1
03/13/2024 02:15:39 pm,0.136,11.5
03/13/2024 02:15:39 pm,0.140,11.9
03/13/2024 02:15:39 pm,0.144,12.3
03/13/2024 02:15:39 pm,0.148,12.7
03/13/2024 02:15:39 pm,0.152,13.1
03/13/2024 02:15:39 pm,0.156,13.5
03/13/2024 02:15:39 pm,0.160,13.8
03/13/2024 02:15:39 pm,0.164,14.2
03/13/2024 02:15:39 pm,0.168,14.6
03/13/2024 02:15:39 pm,0.172,14.9
03/13/2024 02:15:39 pm,0.176,15.3
03/13/2024 02:15:39 pm,0.180,15.7
03/13/2024 02:15:39 pm,0.184,16.1
03/13/2024 02:15:39 pm,0.188,16.4
03/13/2024 02:15:39 pm,0.192,16.8
03/13/2024 02:15:39 pm,0.196,17.2
03/13/2024 02:15:39 pm,0.200,17.6
03/13/2024 02:15:39 pm,0.204,18.0
03/13/2024 02:15:39 pm,0.208,18.3
03/13/2024 02:15:39 pm,0.212,18.7
03/13/2024 02:15:39 pm,0.216,19.0
03/13/2024 02:15:39 pm,0.220,19.4
03/13/2024 02:15:39 pm,0.224,19.7
03/13/2024 02:15:39 pm,0.228,20.1
03/13/2024 02:15:39 pm,0.232,20.5
03/13/2024 02:15:39 pm,0.236,20.8
03/13/2024 02:15:39 pm,0.240,21.2
03/13/2024 02:15:39 pm,0.244,21.5
03/13/2024 02:15:39 pm,0.248,21.9
03/13/2024 02:15:39 pm,0.252,22.2
03/13/2024 02:15:39 pm,0.256,22.6
03/13/2024 02:15:39 pm,0.260,22.9
03/13/2024 02:15:39 pm,0.264,23.2
03/13/2024 02:15:39 pm,0.268,23.5
03/13/2024 02:15:39 pm,0.272,23.9
03/13/2024 02:15:39 pm,0.276,24.2
03/13/2024 02:15:39 pm,0.280,24.5
03/13/2024 02:15:39 pm,0.284,24.8
03/13/2024 02:15:39 pm,0.288,25.2
03/13/2024 02:15:39 pm,0.292,25.5
03/13/2024 02:15:39 pm,0.296,25.8
03/13/2024 02:15:39 pm,0.300,26.1
03/13/2024 02:15:39 pm,0.304,26.4
03/13/2024 02:15:39 pm,0.308,26.7
03/13/2024 02:15:39 pm,0.312,27.0
03/13/2024 02:15:39 pm,0.316,27.2
03/13/2024 02:15:39 pm,0.320,27.5
03/13/2024 02:15:39 pm,0.324,27.7
03/13/2024 02:15:39 pm,0.328,28.1
03/13/2024 02:15:39 pm,0.332,28.3
03/13/2024 02:15:39 pm,0.336,28.6
03/13/2024 02:15:39 pm,0.340,28.8
03/13/2024 02:15:39 pm,0.344,29.1
03/13/2024 02:15:39 pm,0.348,29.4
03/13/2024 02:15:39 pm,0.352,29.7
03/13/2024 02:15:39 pm,0.356,29.9
03/13/2024 02:15:39 pm,0.360,30.1
03/13/2024 02:15:39 pm,0.364,30.4
03/13/2024 02:15:39 pm,0.368,30.6
03/13/2024 02:15:39 pm,0.372,30.9
03/13/2024 02:15:39 pm,0.376,31.1
03/13/2024 02:15:39 pm,0.380,31.3
03/13/2024 02:15:39 pm,0.384,31.5
03/13/2024 02:15:39 pm,0.388,31.7
03/13/2024 02:15:39 pm,0.392,31.9
03/13/2024 02:15:39 pm,0.396,32.1
03/13/2024 02:15:39 pm,0.400,32.4
03/13/2024 02:15:39 pm,0.404,32.6
03/13/2024 02:15:39 pm,0.408,32.8
03/13/2024 02:15:39 pm,0.412,33.0
03/13/2024 02:15:39 pm,0.416,33.2
03/13/2024 02:15:39 pm,0.420,33.4
03/13/2024 02:15:39 pm,0.424,33.6
03/13/2024 02:15:39 pm,0.428,33.8
03/13/2024 02:15:39 pm,0.432,34.0
03/13/2024 02:15:39 pm,0.436,34.1
03/13/2024 02:15:39 pm,0.440,34.3
03/13/2024 02:15:39 pm,0.444,34.5
03/13/2024 02:15:39 pm,0.448,34.6
03/13/2024 02:15:39 pm,0.452,34.8
03/13/2024 02:15:39 pm,0.456,34.9
03/13/2024 02:15:39 pm,0.460,35.0
03/13/2024 02:15:39 pm,0.464,35.2
03/13/2024 02:15:39 pm,0.468,35.3
03/13/2024 02:15:39 pm,0.472,35.4
03/13/2024 02:15:39 pm,0.476,35.5
03/13/2024 02:15:39 pm,0.480,35.5
03/13/2024 02:15:39 pm,0.484,35.6
03/13/2024 02:15:39 pm,0.488,35.7
03/13/2024 02:15:39 pm,0.492,35.8
03/13/2024 02:15:39 pm,0.496,35.9
03/13/2024 02:15:39 pm,0.500,35.9
03/13/2024 02:15:39 pm,0.504,36.0
03/13/2024 02:15:39 pm,0.508,36.0
03/13/2024 02:15:39 pm,0.512,36.1
03/13/2024 02:15:39 pm,0.516,36.2
03/13/2024 02:15:39 pm,0.520,36.2
03/13/2024 02:15:39 pm,0.524,36.3
03/13/2024 02:15:39 pm,0.528,36.4
03/13/2024 02:15:39 pm,0.532,36.4
03/13/2024 02:15:39 pm,0.536,36.4
03/13/2024 02:15:39 pm,0.540,36.5
03/13/2024 02:15:39 pm,0.544,36.6
03/13/2024 02:15:39 pm,0.548,36.6
03/13/2024 02:15:39 pm,0.552,36.6
03/13/2024 02:15:39 pm,0.556,36.5
03/13/2024 02:15:39 pm,0.560,36.5
03/13/2024 02:15:39 pm,0.564,36.5
03/13/2024 02:15:39 pm,0.568,36.4
03/13/2024 02:15:39 pm,0.572,36.4
03/13/2024 02:15:39 pm,0.576,36.3
03/13/2024 02:15:39 pm,0.580,36.3
03/13/2024 02:15:39 pm,0.584,36.2
03/13/2024 02:15:39 pm,0.588,36.1
03/13/2024 02:15:39 pm,0.592,36.1
03/13/2024 02:15:39 pm,0.596,36.0
03/13/2024 02:15:39 pm,0.600,35.9
03/13/2024 02:15:39 pm,0.604,35.9
03/13/2024 02:15:39 pm,0.608,35.8
03/13/2024 02:15:39 pm,0.612,35.7
03/13/2024 02:15:39 pm,0.616,35.6
03/13/2024 02:15:39 pm,0.620,35.6
03/13/2024 02:15:39 pm,0.624,35.5
03/13/2024 02:15:39 pm,0.628,35.4
03/13/2024 02:15:39 pm,0.632,35.4
03/13/2024 02:15:39 pm,0.636,35.3
03/13/2024 02:15:39 pm,0.640,35.1
03/13/2024 02:15:39 pm,0.644,35.0
03/13/2024 02:15:39 pm,0.648,34.9
03/13/2024 02:15:39 pm,0.652,34.7
03/13/2024 02:15:39 pm,0.656,34.6
03/13/2024 02:15:39 pm,0.660,34.4
03/13/2024 02:15:39 pm,0.664,34.2
03/13/2024 02:15:39 pm,0.668,34.0
03/13/2024 02:15:39 pm,0.672,33.9
03/13/2024 02:15:39 pm,0.676,33.7
03/13/2024 02:15:39 pm,0.680,33.5
03/13/2024 02:15:39 pm,0.684,33.3
03/13/2024 02:15:39 pm,0.688,33.1
03/13/2024 02:15:39 pm,0.692,32.9
03/13/2024 02:15:39 pm,0.696,32.7
03/13/2024 02:15:39 pm,0.700,32.5
03/13/2024 02:15:39 pm,0.704,32.3
03/13/2024 02:15:39 pm,0.708,32.1
03/13/2024 02:15:39 pm,0.712,31.9
03/13/2024 02:15:39 pm,0.716,31.6
03/13/2024 02:15:39 pm,0.720,31.4
03/13/2024 02:15:39 pm,0.724,31.3
03/13/2024 02:15:39 pm,0.728,31.0
03/13/2024 02:15:39 pm,0.732,30.8
03/13/2024 02:15:39 pm,0.736,30.6
03/13/2024 02:15:39 pm,0.740,30.3
03/13/2024 02:15:39 pm,0.744,30.1
03/13/2024 02:15:39 pm,0.748,29.8
03/13/2024 02:15:39 pm,0.752,29.6
03/13/2024 02:15:39 pm,0.756,29.3
03/13/2024 02:15:39 pm,0.760,29.1
03/13/2024 02:15:39 pm,0.764,28.9
03/13/2024 02:15:39 pm,0.768,28.5
03/13/2024 02:15:39 pm,0.772,28.3
03/13/2024 02:15:39 pm,0.776,28.0
03/13/2024 02:15:39 pm,0.780,27.7
03/13/2024 02:15:39 pm,0.784,27.4
03/13/2024 02:15:39 pm,0.788,27.2
03/13/2024 02:15:39 pm,0.792,27.0
03/13/2024 02:15:39 pm,0.796,26.7
03/13/2024 02:15:39 pm,0.800,26.4
03/13/2024 02:15:39 pm,0.804,26.1
03/13/2024 02:15:39 pm,0.808,25.8
03/13/2024 02:15:39 pm,0.812,25.5
03/13/2024 02:15:39 pm,0.816,25.1
03/13/2024 02:15:39 pm,0.820,24.8
03/13/2024 02:15:39 pm,0.824,24.5
03/13/2024 02:15:39 pm,0.828,24.2
03/13/2024 02:15:39 pm,0.832,23.8
03/13/2024 02:15:39 pm,0.836,23.5
03/13/2024 02:15:39 pm,0.840,23.2
03/13/2024 02:15:39 pm,0.844,22.9
03/13/2024 02:15:39 pm,0.848,22.6
03/13/2024 02:15:39 pm,0.852,22.3
03/13/2024 02:15:39 pm,0.856,21.9
03/13/2024 02:15:39 pm,0.860,21.5
03/13/2024 02:15:39 pm,0.864,21.2
03/13/2024 02:15:39 pm,0.868,20.8
03/13/2024 02:15:39 pm,0.872,20.5
03/13/2024 02:15:39 pm,0.876,20.1
03/13/2024 02:15:39 pm,0.880,19.8
03/13/2024 02:15:39 pm,0.884,19.4
03/13/2024 02:15:39 pm,0.888,19.0
03/13/2024 02:15:39 pm,0.892,18.8
03/13/2024 02:15:39 pm,0.896,18.4
03/13/2024 02:15:39 pm,0.900,18.0
03/13/2024 02:15:39 pm,0.904,17.6
03/13/2024 02:15:39 pm,0.908,17.2
03/13/2024 02:15:39 pm,0.912,16.9
03/13/2024 02:15:39 pm,0.916,16.5
03/13/2024 02:15:39 pm,0.920,16.1
03/13/2024 02:15:39 pm,0.924,15.7
03/13/2024 02:15:39 pm,0.928,15.3
03/13/2024 02:15:39 pm,0.932,14.9
03/13/2024 02:15:39 pm,0.936,14.6
03/13/2024 02:15:39 pm,0.940,14.3
03/13/2024 02:15:39 pm,0.944,13.9
03/13/2024 02:15:39 pm,0.948,13.5
03/13/2024 02:15:39 pm,0.952,13.1
03/13/2024 02:15:39 pm,0.956,12.7
03/13/2024 02:15:39 pm,0.960,12.4
03/13/2024 02:15:39 pm,0.964,12.0
03/13/2024 02:15:39 pm,0.968,11.6
03/13/2024 02:15:39 pm,0.972,11.2
03/13/2024 02:15:39 pm,0.976,10.8
03/13/2024 02:15:39 pm,0.980,10.5
03/13/2024 02:15:39 pm,0.984,10.2
03/13/2024 02:15:39 pm,0.988,9.8
03/13/2024 02:15:39 pm,0.992,9.5
03/13/2024 02:15:39 pm,0.996,9.1
03/13/2024 02:15:40 pm,1.000,8.7
03/13/2024 02:15:40 pm,1.004,8.3
03/13/2024 02:15:40 pm,1.008,7.9
03/13/2024 02:15:40 pm,1.012,7.6
03/13/2024 02:15:40 pm,1.016,7.2
03/13/2024 02:15:40 pm,1.020,6.9
03/13/2024 02:15:40 pm,1.024,6.5
03/13/2024 02:15:40 pm,1.028,6.2
03/13/2024 02:15:40 pm,1.032,5.9
03/13/2024 02:15:40 pm,1.036,5.6
03/13/2024 02:15:40 pm,1.040,5.2
03/13/2024 02:15:40 pm,1.044,4.9
03/13/2024 02:15:40 pm,1.048,4.5
03/13/2024 02:15:40 pm,1.052,4.2
03/13/2024 02:15:40 pm,1.056,3.9
03/13/2024 02:15:40 pm,1.060,3.6
03/13/2024 02:15:40 pm,1.064,3.3
03/13/2024 02:15:40 pm,1.068,2.9
03/13/2024 02:15:40 pm,1.072,2.6
03/13/2024 02:15:40 pm,1.076,2.3
03/13/2024 02:15:40 pm,1.080,2.1
03/13/2024 02:15:40 pm,1.084,1.8
03/13/2024 02:15:40 pm,1.088,1.5
03/13/2024 02:15:40 pm,1.092,1.2
03/13/2024 02:15:40 pm,1.096,1.0
03/13/2024 02:15:40 pm,1.100,0.7
03/13/2024 02:15:40 pm,1.104,0.4
03/13/2024 02:15:40 pm,1.108,0.1
03/13/2024 02:15:40 pm,1.112,-0.2
03/13/2024 02:15:40 pm,1.116,-0.4
03/13/2024 02:15:40 pm,1.120,-0.7
03/13/2024 02:15:40 pm,1.124,-1.0
03/13/2024 02:15:40 pm,1.128,-1.2
03/13/2024 02:15:40 pm,1.132,-1.4
03/13/2024 02:15:40 pm,1.136,-1.7
03/13/2024 02:15:40 pm,1.140,-1.9
03/13/2024 02:15:40 pm,1.144,-2.1
03/13/2024 02:15:40 pm,1.148,-2.3
03/13/2024 02:15:40 pm,1.152,-2.5
03/13/2024 02:15:40 pm,1.156,-2.8
03/13/2024 02:15:40 pm,1.160,-3.0
03/13/2024 02:15:40 pm,1.164,-3.2
03/13/2024 02:15:40 pm,1.168,-3.4
03/13/2024 02:15:40 pm,1.172,-3.6
03/13/2024 02:15:40 pm,1.176,-3.8
03/13/2024 02:15:40 pm,1.180,-4.0
03/13/2024 02:15:40 pm,1.184,-4.2
03/13/2024 02:15:40 pm,1.188,-4.4
03/13/2024 02:15:40 pm,1.192,-4.6
03/13/2024 02:15:40 pm,1.196,-4.8
03/13/2024 02:15:40 pm,1.200,-5.0
03/13/2024 02:15:40 pm,1.204,-5.2
03/13/2024 02:15:40 pm,1.208,-5.4
03/13/2024 02:15:40 pm,1.212,-5.5
03/13/2024 02:15:40 pm,1.216,-5.7
03/13/2024 02:15:40 pm,1.220,-5.9
03/13/2024 02:15:40 pm,1.224,-6.0
03/13/2024 02:15:40 pm,1.228,-6.2
03/13/2024 02:15:40 pm,1.232,-6.2
03/13/2024 02:15:40 pm,1.236,-6.4
03/13/2024 02:15:40 pm,1.240,-6.5
03/13/2024 02:15:40 pm,1.244,-6.6
03/13/2024 02:15:40 pm,1.248,-6.8
03/13/2024 02:15:40 pm,1.252,-6.8
03/13/2024 02:15:40 pm,1.256,-7.0
03/13/2024 02:15:40 pm,1.260,-7.0
03/13/2024 02:15:40 pm,1.264,-7.1
03/13/2024 02:15:40 pm,1.268,-7.2
03/13/2024 02:15:40 pm,1.272,-7.3
03/13/2024 02:15:40 pm,1.276,-7.4
03/13/2024 02:15:40 pm,1.280,-7.4
03/13/2024 02:15:40 pm,1.284,-7.5
03/13/2024 02:15:40 pm,1.288,-7.6
03/13/2024 02:15:40 pm,1.292,-7.6
03/13/2024 02:15:40 pm,1.296,-7.7
03/13/2024 02:15:40 pm,1.300,-7.7
03/13/2024 02:15:40 pm,1.304,-7.8
03/13/2024 02:15:40 pm,1.308,-7.8
03/13/2024 02:15:40 pm,1.312,-7.8
03/13/2024 02:15:40 pm,1.316,-8.0
03/13/2024 02:15:40 pm,1.320,-8.0
03/13/2024 02:15:40 pm,1.324,-8.1
03/13/2024 02:15:40 pm,1.328,-8.1
03/13/2024 02:15:40 pm,1.332,-8.1
03/13/2024 02:15:40 pm,1.336,-8.0
03/13/2024 02:15:40 pm,1.340,-8.0
03/13/2024 02:15:40 pm,1.344,-7.9
03/13/2024 02:15:40 pm,1.348,-7.8
03/13/2024 02:15:40 pm,1.352,-7.8
03/13/2024 02:15:40 pm,1.356,-7.7
03/13/2024 02:15:40 pm,1.360,-7.7
03/13/2024 02:15:40 pm,1.364,-7.6
03/13/2024 02:15:40 pm,1.368,-7.6
03/13/2024 02:15:40 pm,1.372,-7.5
03/13/2024 02:15:40 pm,1.376,-7.4
03/13/2024 02:15:40 pm,1.380,-7.3
03/13/2024 02:15:40 pm,1.384,-7.3
03/13/2024 02:15:40 pm,1.388,-7.2
03/13/2024 02:15:40 pm,1.392,-7.1
03/13/2024 02:15:40 pm,1.396,-7.0
03/13/2024 02:15:40 pm,1.400,-7.0
03/13/2024 02:15:40 pm,1.404,-6.9
03/13/2024 02:15:40 pm,1.408,-6.8
03/13/2024 02:15:40 pm,1.412,-6.6
03/13/2024 02:15:40 pm,1.416,-6.5
03/13/2024 02:15:40 pm,1.420,-6.4
03/13/2024 02:15:40 pm,1.424,-6.2
03/13/2024 02:15:40 pm,1.428,-6.2
03/13/2024 02:15:40 pm,1.432,-6.0
03/13/2024 02:15:40 pm,1.436,-5.9
03/13/2024 02:15:40 pm,1.440,-5.7
03/13/2024 02:15:40 pm,1.444,-5.5
03/13/2024 02:15:40 pm,1.448,-5.4
03/13/2024 02:15:40 pm,1.452,-5.2
03/13/2024 02:15:40 pm,1.456,-5.0
03/13/2024 02:15:40 pm,1.460,-4.8
03/13/2024 02:15:40 pm,1.464,-4.6
03/13/2024 02:15:40 pm,1.468,-4.4
03/13/2024 02:15:40 pm,1.472,-4.2
03/13/2024 02:15:40 pm,1.476,-4.0
03/13/2024 02:15:40 pm,1.480,-3.8
03/13/2024 02:15:40 pm,1.484,-3.6
03/13/2024 02:15:40 pm,1.488,-3.4
03/13/2024 02:15:40 pm,1.492,-3.1
03/13/2024 02:15:40 pm,1.496,-2.9
03/13/2024 02:15:40 pm,1.500,-2.7
03/13/2024 02:15:40 pm,1.504,-2.5
03/13/2024 02:15:40 pm,1.508,-2.3
03/13/2024 02:15:40 pm,1.512,-2.1
03/13/2024 02:15:40 pm,1.516,-1.9
03/13/2024 02:15:40 pm,1.520,-1.6
03/13/2024 02:15:40 pm,1.524,-1.4
03/13/2024 02:15:40 pm,1.528,-1.2
03/13/2024 02:15:40 pm,1.532,-0.9
03/13/2024 02:15:40 pm,1.536,-0.6
03/13/2024 02:15:40 pm,1.540,-0.4
03/13/2024 02:15:40 pm,1.544,-0.1
03/13/2024 02:15:40 pm,1.548,0.2
03/13/2024 02:15:40 pm,1.552,0.4
03/13/2024 02:15:40 pm,1.556,0.7
03/13/2024 02:15:40 pm,1.560,1.0
03/13/2024 02:15:40 pm,1.564,1.3
03/13/2024 02:15:40 pm,1.568,1.6
03/13/2024 02:15:40 pm,1.572,1.9
03/13/2024 02:15:40 pm,1.576,2.1
03/13/2024 02:15:40 pm,1.580,2.4
03/13/2024 02:15:40 pm,1.584,2.7
03/13/2024 02:15:40 pm,1.588,3.0
03/13/2024 02:15:40 pm,1.592,3.3
03/13/2024 02:15:40 pm,1.596,3.7
03/13/2024 02:15:40 pm,1.600,4.0
03/13/2024 02:15:40 pm,1.604,4.3
03/13/2024 02:15:40 pm,1.608,4.7
03/13/2024 02:15:40 pm,1.612,5.0
03/13/2024 02:15:40 pm,1.616,5.3
03/13/2024 02:15:40 pm,1.620,5.7
03/13/2024 02:15:40 pm,1.624,6.0
03/13/2024 02:15:40 pm,1.628,6.3
03/13/2024 02:15:40 pm,1.632,6.6
03/13/2024 02:15:40 pm,1.636,7.0
03/13/2024 02:15:40 pm,1.640,7.4
03/13/2024 02:15:40 pm,1.644,7.7
03/13/2024 02:15:40 pm,1.648,8.1
03/13/2024 02:15:40 pm,1.652,8.5
03/13/2024 02:15:40 pm,1.656,8.8
03/13/2024 02:15:40 pm,1.660,9.2
03/13/2024 02:15:40 pm,1.664,9.6
03/13/2024 02:15:40 pm,1.668,9.9
03/13/2024 02:15:40 pm,1.672,10.3
03/13/2024 02:15:40 pm,1.676,10.6
03/13/2024 02:15:40 pm,1.680,11.0
03/13/2024 02:15:40 pm,1.684,11.3
03/13/2024 02:15:40 pm,1.688,11.8
03/13/2024 02:15:40 pm,1.692,12.1
03/13/2024 02:15:40 pm,1.696,12.5
03/13/2024 02:15:40 pm,1.700,12.9
03/13/2024 02:15:40 pm,1.704,13.3
03/13/2024 02:15:40 pm,1.708,13.7
03/13/2024 02:15:40 pm,1.712,14.1
03/13/2024 02:15:40 pm,1.716,14.5
03/13/2024 02:15:40 pm,1.720,14.8
03/13/2024 02:15:40 pm,1.724,15.1
03/13/2024 02:15:40 pm,1.728,15.5
03/13/2024 02:15:40 pm,1.732,15.9
03/13/2024 02:15:40 pm,1.736,16.3
03/13/2024 02:15:40 pm,1.740,16.7
03/13/2024 02:15:40 pm,1.744,17.0
03/13/2024 02:15:40 pm,1.748,17.4
03/13/2024 02:15:40 pm,1.752,17.8
03/13/2024 02:15:40 pm,1.756,18.2
03/13/2024 02:15:40 pm,1.760,18.6
03/13/2024 02:15:40 pm,1.764,18.9
03/13/2024 02:15:40 pm,1.768,19.2
03/13/2024 02:15:40 pm,1.772,19.6
03/13/2024 02:15:40 pm,1.776,20.0
03/13/2024 02:15:40 pm,1.780,20.3
03/13/2024 02:15:40 pm,1.784,20.7
03/13/2024 02:15:40 pm,1.788,21.1
03/13/2024 02:15:40 pm,1.792,21.4
03/13/2024 02:15:40 pm,1.796,21.8
03/13/2024 02:15:40 pm,1.800,22.1
03/13/2024 02:15:40 pm,1.804,22.4
03/13/2024 02:15:40 pm,1.808,22.8
03/13/2024 02:15:40 pm,1.812,23.0
03/13/2024 02:15:40 pm,1.816,23.4
03/13/2024 02:15:40 pm,1.820,23.8
03/13/2024 02:15:40 pm,1.824,24.0
03/13/2024 02:15:40 pm,1.828,24.4
03/13/2024 02:15:40 pm,1.832,24.7
03/13/2024 02:15:40 pm,1.836,25.1
03/13/2024 02:15:40 pm,1.840,25.4
03/13/2024 02:15:40 pm,1.844,25.7
03/13/2024 02:15:40 pm,1.848,26.0
03/13/2024 02:15:40 pm,1.852,26.3
03/13/2024 02:15:40 pm,1.856,26.6
03/13/2024 02:15:40 pm,1.860,26.9
03/13/2024 02:15:40 pm,1.864,27.1
03/13/2024 02:15:40 pm,1.868,27.3
03/13/2024 02:15:40 pm,1.872,27.7
03/13/2024 02:15:40 pm,1.876,27.9
03/13/2024 02:15:40 pm,1.880,28.2
03/13/2024 02:15:40 pm,1.884,28.5
03/13/2024 02:15:40 pm,1.888,28.7
03/13/2024 02:15:40 pm,1.892,29.0
03/13/2024 02:15:40 pm,1.896,29.3
03/13/2024 02:15:40 pm,1.900,29.5
03/13/2024 02:15:40 pm,1.904,29.8
03/13/2024 02:15:40 pm,1.908,30.0
03/13/2024 02:15:40 pm,1.912,30.3
03/13/2024 02:15:40 pm,1.916,30.5
03/13/2024 02:15:40 pm,1.920,30.7
03/13/2024 02:15:40 pm,1.924,31.0
03/13/2024 02:15:40 pm,1.928,31.3
03/13/2024 02:15:40 pm,1.932,31.4
03/13/2024 02:15:40 pm,1.936,31.6
03/13/2024 02:15:40 pm,1.940,31.9
03/13/2024 02:15:40 pm,1.944,32.1
03/13/2024 02:15:40 pm,1.948,32.3
03/13/2024 02:15:40 pm,1.952,32.5
03/13/2024 02:15:40 pm,1.956,32.7
03/13/2024 02:15:40 pm,1.960,32.9
03/13/2024 02:15:40 pm,1.964,33.1
03/13/2024 02:15:40 pm,1.968,33.3
03/13/2024 02:15:40 pm,1.972,33.5
03/13/2024 02:15:40 pm,1.976,33.7
03/13/2024 02:15:40 pm,1.980,33.9
03/13/2024 02:15:40 pm,1.984,34.0
03/13/2024 02:15:40 pm,1.988,34.2
03/13/2024 02:15:40 pm,1.992,34.4
03/13/2024 02:15:40 pm,1.996,34.5
03/13/2024 02:15:41 pm,2.000,34.7
03/13/2024 02:15:41 pm,2.004,34.9
03/13/2024 02:15:41 pm,2.008,35.0
03/13/2024 02:15:41 pm,2.012,35.1
03/13/2024 02:15:41 pm,2.016,35.3
03/13/2024 02:15:41 pm,2.020,35.4
03/13/2024 02:15:41 pm,2.024,35.4
03/13/2024 02:15:41 pm,2.028,35.5
03/13/2024 02:15:41 pm,2.032,35.5
03/13/2024 02:15:41 pm,2.036,35.7
03/13/2024 02:15:41 pm,2.040,35.7
03/13/2024 02:15:41 pm,2.044,35.8
03/13/2024 02:15:41 pm,2.048,35.9
03/13/2024 02:15:41 pm,2.052,35.9
03/13/2024 02:15:41 pm,2.056,36.0
03/13/2024 02:15:41 pm,2.060,36.1
03/13/2024 02:15:41 pm,2.064,36.1
03/13/2024 02:15:41 pm,2.068,36.2
03/13/2024 02:15:41 pm,2.072,36.3
03/13/2024 02:15:41 pm,2.076,36.3
03/13/2024 02:15:41 pm,2.080,36.4
03/13/2024 02:15:41 pm,2.084,36.4
03/13/2024 02:15:41 pm,2.088,36.5
03/13/2024 02:15:41 pm,2.092,36.5
03/13/2024 02:15:41 pm,2.096,36.5
03/13/2024 02:15:41 pm,2.100,36.6
03/13/2024 02:15:41 pm,2.104,36.6
03/13/2024 02:15:41 pm,2.108,36.5
03/13/2024 02:15:41 pm,2.112,36.5
03/13/2024 02:15:41 pm,2.116,36.4
03/13/2024 02:15:41 pm,2.120,36.4
03/13/2024 02:15:41 pm,2.124,36.3
03/13/2024 02:15:41 pm,2.128,36.3
03/13/2024 02:15:41 pm,2.132,36.3
03/13/2024 02:15:41 pm,2.136,36.2
03/13/2024 02:15:41 pm,2.140,36.1
03/13/2024 02:15:41 pm,2.144,36.0
03/13/2024 02:15:41 pm,2.148,36.0
03/13/2024 02:15:41 pm,2.152,35.9
03/13/2024 02:15:41 pm,2.156,35.9
03/13/2024 02:15:41 pm,2.160,35.8
03/13/2024 02:15:41 pm,2.164,35.7
03/13/2024 02:15:41 pm,2.168,35.6
03/13/2024 02:15:41 pm,2.172,35.5
03/13/2024 02:15:41 pm,2.176,35.4
03/13/2024 02:15:41 pm,2.180,35.4
03/13/2024 02:15:41 pm,2.184,35.3
03/13/2024 02:15:41 pm,2.188,35.2
03/13/2024 02:15:41 pm,2.192,35.1
03/13/2024 02:15:41 pm,2.196,34.9
03/13/2024 02:15:41 pm,2.200,34.8
03/13/2024 02:15:41 pm,2.204,34.6
03/13/2024 02:15:41 pm,2.208,34.5
03/13/2024 02:15:41 pm,2.212,34.3
03/13/2024 02:15:41 pm,2.216,34.1
03/13/2024 02:15:41 pm,2.220,34.0
03/13/2024 02:15:41 pm,2.224,33.8
03/13/2024 02:15:41 pm,2.228,33.6
03/13/2024 02:15:41 pm,2.232,33.4
03/13/2024 02:15:41 pm,2.236,33.2
03/13/2024 02:15:41 pm,2.240,33.0
03/13/2024 02:15:41 pm,2.244,32.8
03/13/2024 02:15:41 pm,2.248,32.6
03/13/2024 02:15:41 pm,2.252,32.4
03/13/2024 02:15:41 pm,2.256,32.2
03/13/2024 02:15:41 pm,2.260,32.0
03/13/2024 02:15:41 pm,2.264,31.7
03/13/2024 02:15:41 pm,2.268,31.5
03/13/2024 02:15:41 pm,2.272,31.3
03/13/2024 02:15:41 pm,2.276,31.2
03/13/2024 02:15:41 pm,2.280,30.9
03/13/2024 02:15:41 pm,2.284,30.6
03/13/2024 02:15:41 pm,2.288,30.4
03/13/2024 02:15:41 pm,2.292,30.2
03/13/2024 02:15:41 pm,2.296,30.0
03/13/2024 02:15:41 pm,2.300,29.7
03/13/2024 02:15:41 pm,2.304,29.4
03/13/2024 02:15:41 pm,2.308,29.2
03/13/2024 02:15:41 pm,2.312,28.9
03/13/2024 02:15:41 pm,2.316,28.6
03/13/2024 02:15:41 pm,2.320,28.4
03/13/2024 02:15:41 pm,2.324,28.1
03/13/2024 02:15:41 pm,2.328,27.8
03/13/2024 02:15:41 pm,2.332,27.5
03/13/2024 02:15:41 pm,2.336,27.3
03/13/2024 02:15:41 pm,2.340,27.1
03/13/2024 02:15:41 pm,2.344,26.8
03/13/2024 02:15:41 pm,2.348,26.5
03/13/2024 02:15:41 pm,2.352,26.2
03/13/2024 02:15:41 pm,2.356,25.9
03/13/2024 02:15:41 pm,2.360,25.6
03/13/2024 02:15:41 pm,2.364,25.3
03/13/2024 02:15:41 pm,2.368,25.0
03/13/2024 02:15:41 pm,2.372,24.6
03/13/2024 02:15:41 pm,2.376,24.3
03/13/2024 02:15:41 pm,2.380,24.0
03/13/2024 02:15:41 pm,2.384,23.6
03/13/2024 02:15:41 pm,2.388,23.4
03/13/2024 02:15:41 pm,2.392,23.0
03/13/2024 02:15:41 pm,2.396,22.7
03/13/2024 02:15:41 pm,2.400,22.4
03/13/2024 02:15:41 pm,2.404,22.1
03/13/2024 02:15:41 pm,2.408,21.7
03/13/2024 02:15:41 pm,2.412,21.3
03/13/2024 02:15:41 pm,2.416,21.0
03/13/2024 02:15:41 pm,2.420,20.6
03/13/2024 02:15:41 pm,2.424,20.2
03/13/2024 02:15:41 pm,2.428,19.9
03/13/2024 02:15:41 pm,2.432,19.5
03/13/2024 02:15:41 pm,2.436,19.2
03/13/2024 02:15:41 pm,2.440,18.8
03/13/2024 02:15:41 pm,2.444,18.5
03/13/2024 02:15:41 pm,2.448,18.1
03/13/2024 02:15:41 pm,2.452,17.8
03/13/2024 02:15:41 pm,2.456,17.4
03/13/2024 02:15:41 pm,2.460,17.0
03/13/2024 02:15:41 pm,2.464,16.6
03/13/2024 02:15:41 pm,2.468,16.2
03/13/2024 02:15:41 pm,2.472,15.9
03/13/2024 02:15:41 pm,2.476,15.4
03/13/2024 02:15:41 pm,2.480,15.1
03/13/2024 02:15:41 pm,2.484,14.7
03/13/2024 02:15:41 pm,2.488,14.4
03/13/2024 02:15:41 pm,2.492,14.1
03/13/2024 02:15:41 pm,2.496,13.7
03/13/2024 02:15:41 pm,2.500,13.3
03/13/2024 02:15:41 pm,2.504,12.9
03/13/2024 02:15:41 pm,2.508,12.5
03/13/2024 02:15:41 pm,2.512,12.1
03/13/2024 02:15:41 pm,2.516,11.8
03/13/2024 02:15:41 pm,2.520,11.4
03/13/2024 02:15:41 pm,2.524,11.0
03/13/2024 02:15:41 pm,2.528,10.6
03/13/2024 02:15:41 pm,2.532,10.3
03/13/2024 02:15:41 pm,2.536,10.0
03/13/2024 02:15:41 pm,2.540,9.6
03/13/2024 02:15:41 pm,2.544,9.2
03/13/2024 02:15:41 pm,2.548,8.8
03/13/2024 02:15:41 pm,2.552,8.5
03/13/2024 02:15:41 pm,2.556,8.1
03/13/2024 02:15:41 pm,2.560,7.8
03/13/2024 02:15:41 pm,2.564,7.4
03/13/2024 02:15:41 pm,2.568,7.0
03/13/2024 02:15:41 pm,2.572,6.6
03/13/2024 02:15:41 pm,2.576,6.3
03/13/2024 02:15:41 pm,2.580,6.0
03/13/2024 02:15:41 pm,2.584,5.7
03/13/2024 02:15:41 pm,2.588,5.4
03/13/2024 02:15:41 pm,2.592,5.0
03/13/2024 02:15:41 pm,2.596,4.7
03/13/2024 02:15:41 pm,2.600,4.3
03/13/2024 02:15:41 pm,2.604,4.0
03/13/2024 02:15:41 pm,2.608,3.7
03/13/2024 02:15:41 pm,2.612,3.4
03/13/2024 02:15:41 pm,2.616,3.1
03/13/2024 02:15:41 pm,2.620,2.7
03/13/2024 02:15:41 pm,2.624,2.4
03/13/2024 02:15:41 pm,2.628,2.1
03/13/2024 02:15:41 pm,2.632,1.9
03/13/2024 02:15:41 pm,2.636,1.6
03/13/2024 02:15:41 pm,2.640,1.4
03/13/2024 02:15:41 pm,2.644,1.0
03/13/2024 02:15:41 pm,2.648,0.8
03/13/2024 02:15:41 pm,2.652,0.5
03/13/2024 02:15:41 pm,2.656,0.2
03/13/2024 02:15:41 pm,2.660,0.0
03/13/2024 02:15:41 pm,2.664,-0.3
03/13/2024 02:15:41 pm,2.668,-0.6
03/13/2024 02:15:41 pm,2.672,-0.8
03/13/2024 02:15:41 pm,2.676,-1.1
03/13/2024 02:15:41 pm,2.680,-1.4
03/13/2024 02:15:41 pm,2.684,-1.6
03/13/2024 02:15:41 pm,2.688,-1.8
03/13/2024 02:15:41 pm,2.692,-2.1
03/13/2024 02:15:41 pm,2.696,-2.2
03/13/2024 02:15:41 pm,2.700,-2.5
03/13/2024 02:15:41 pm,2.704,-2.7
03/13/2024 02:15:41 pm,2.708,-2.9
03/13/2024 02:15:41 pm,2.712,-3.1
03/13/2024 02:15:41 pm,2.716,-3.3
03/13/2024 02:15:41 pm,2.720,-3.6
03/13/2024 02:15:41 pm,2.724,-3.7
03/13/2024 02:15:41 pm,2.728,-3.9
03/13/2024 02:15:41 pm,2.732,-4.1
03/13/2024 02:15:41 pm,2.736,-4.3
03/13/2024 02:15:41 pm,2.740,-4.6
03/13/2024 02:15:41 pm,2.744,-4.7
03/13/2024 02:15:41 pm,2.748,-4.9
03/13/2024 02:15:41 pm,2.752,-5.1
03/13/2024 02:15:41 pm,2.756,-5.3
03/13/2024 02:15:41 pm,2.760,-5.5
03/13/2024 02:15:41 pm,2.764,-5.6
03/13/2024 02:15:41 pm,2.768,-5.8
03/13/2024 02:15:41 pm,2.772,-6.0
03/13/2024 02:15:41 pm,2.776,-6.1
03/13/2024 02:15:41 pm,2.780,-6.2
03/13/2024 02:15:41 pm,2.784,-6.3
03/13/2024 02:15:41 pm,2.788,-6.5
03/13/2024 02:15:41 pm,2.792,-6.6
03/13/2024 02:15:41 pm,2.796,-6.7
03/13/2024 02:15:41 pm,2.800,-6.8
03/13/2024 02:15:41 pm,2.804,-6.9
03/13/2024 02:15:41 pm,2.808,-7.0
03/13/2024 02:15:41 pm,2.812,-7.1
03/13/2024 02:15:41 pm,2.816,-7.2
03/13/2024 02:15:41 pm,2.820,-7.3
03/13/2024 02:15:41 pm,2.824,-7.4
03/13/2024 02:15:41 pm,2.828,-7.4
03/13/2024 02:15:41 pm,2.832,-7.5
03/13/2024 02:15:41 pm,2.836,-7.5
03/13/2024 02:15:41 pm,2.840,-7.6
03/13/2024 02:15:41 pm,2.844,-7.7
03/13/2024 02:15:41 pm,2.848,-7.7
03/13/2024 02:15:41 pm,2.852,-7.8
03/13/2024 02:15:41 pm,2.856,-7.8
03/13/2024 02:15:41 pm,2.860,-7.8
03/13/2024 02:15:41 pm,2.864,-7.9
03/13/2024 02:15:41 pm,2.868,-8.0
03/13/2024 02:15:41 pm,2.872,-8.0
03/13/2024 02:15:41 pm,2.876,-8.1
03/13/2024 02:15:41 pm,2.880,-8.1
03/13/2024 02:15:41 pm,2.884,-8.0
03/13/2024 02:15:41 pm,2.888,-8.0
03/13/2024 02:15:41 pm,2.892,-7.9
03/13/2024 02:15:41 pm,2.896,-7.8
03/13/2024 02:15:41 pm,2.900,-7.8
03/13/2024 02:15:41 pm,2.904,-7.8
03/13/2024 02:15:41 pm,2.908,-7.7
03/13/2024 02:15:41 pm,2.912,-7.6
03/13/2024 02:15:41 pm,2.916,-7.6
03/13/2024 02:15:41 pm,2.920,-7.5
03/13/2024 02:15:41 pm,2.924,-7.5
03/13/2024 02:15:41 pm,2.928,-7.4
03/13/2024 02:15:41 pm,2.932,-7.3
03/13/2024 02:15:41 pm,2.936,-7.3
03/13/2024 02:15:41 pm,2.940,-7.2
03/13/2024 02:15:41 pm,2.944,-7.1
03/13/2024 02:15:41 pm,2.948,-7.0
03/13/2024 02:15:41 pm,2.952,-6.9
03/13/2024 02:15:41 pm,2.956,-6.8
03/13/2024 02:15:41 pm,2.960,-6.7
03/13/2024 02:15:41 pm,2.964,-6.6
03/13/2024 02:15:41 pm,2.968,-6.5
03/13/2024 02:15:41 pm,2.972,-6.2
03/13/2024 02:15:41 pm,2.976,-6.2
03/13/2024 02:15:41 pm,2.980,-6.1
03/13/2024 02:15:41 pm,2.984,-5.9
03/13/2024 02:15:41 pm,2.988,-5.8
03/13/2024 02:15:41 pm,2.992,-5.6
03/13/2024 02:15:41 pm,2.996,-5.4
03/13/2024 02:15:42 pm,3.000,-5.3
03/13/2024 02:15:42 pm,3.004,-5.1
03/13/2024 02:15:42 pm,3.008,-4.9
03/13/2024 02:15:42 pm,3.012,-4.7
03/13/2024 02:15:42 pm,3.016,-4.5
03/13/2024 02:15:42 pm,3.020,-4.3
03/13/2024 02:15:42 pm,3.024,-4.1
03/13/2024 02:15:42 pm,3.028,-3.9
03/13/2024 02:15:42 pm,3.032,-3.7
03/13/2024 02:15:42 pm,3.036,-3.5
03/13/2024 02:15:42 pm,3.040,-3.3
03/13/2024 02:15:42 pm,3.044,-3.0
03/13/2024 02:15:42 pm,3.048,-2.8
03/13/2024 02:15:42 pm,3.052,-2.6
03/13/2024 02:15:42 pm,3.056,-2.4
03/13/2024 02:15:42 pm,3.060,-2.1
03/13/2024 02:15:42 pm,3.064,-2.0
03/13/2024 02:15:42 pm,3.068,-1.8
03/13/2024 02:15:42 pm,3.072,-1.5
03/13/2024 02:15:42 pm,3.076,-1.3
03/13/2024 02:15:42 pm,3.080,-1.0
03/13/2024 02:15:42 pm,3.084,-0.8
03/13/2024 02:15:42 pm,3.088,-0.5
03/13/2024 02:15:42 pm,3.092,-0.2
03/13/2024 02:15:42 pm,3.096,0.1
03/13/2024 02:15:42 pm,3.100,0.3
03/13/2024 02:15:42 pm,3.104,0.6
03/13/2024 02:15:42 pm,3.108,0.9
03/13/2024 02:15:42 pm,3.112,1.2
03/13/2024 02:15:42 pm,3.116,1.5
03/13/2024 02:15:42 pm,3.120,1.8
03/13/2024 02:15:42 pm,3.124,2.1
03/13/2024 02:15:42 pm,3.128,2.3
03/13/2024 02:15:42 pm,3.132,2.6
03/13/2024 02:15:42 pm,3.136,2.9
03/13/2024 02:15:42 pm,3.140,3.2
03/13/2024 02:15:42 pm,3.144,3.5
03/13/2024 02:15:42 pm,3.148,3.8
03/13/2024 02:15:42 pm,3.152,4.2
03/13/2024 02:15:42 pm,3.156,4.5
03/13/2024 02:15:42 pm,3.160,4.9
03/13/2024 02:15:42 pm,3.164,5.2
03/13/2024 02:15:42 pm,3.168,5.5
03/13/2024 02:15:42 pm,3.172,5.9
03/13/2024 02:15:42 pm,3.176,6.2
03/13/2024 02:15:42 pm,3.180,6.5
03/13/2024 02:15:42 pm,3.184,6.8
03/13/2024 02:15:42 pm,3.188,7.2
03/13/2024 02:15:42 pm,3.192,7.6
03/13/2024 02:15:42 pm,3.196,8.0
03/13/2024 02:15:42 pm,3.200,8.3
03/13/2024 02:15:42 pm,3.204,8.7
03/13/2024 02:15:42 pm,3.208,9.0
03/13/2024 02:15:42 pm,3.212,9.4
03/13/2024 02:15:42 pm,3.216,9.8
03/13/2024 02:15:42 pm,3.220,10.2
03/13/2024 02:15:42 pm,3.224,10.5
03/13/2024 02:15:42 pm,3.228,10.9
03/13/2024 02:15:42 pm,3.232,11.2
03/13/2024 02:15:42 pm,3.236,11.6
03/13/2024 02:15:42 pm,3.240,12.0
03/13/2024 02:15:42 pm,3.244,12.4
03/13/2024 02:15:42 pm,3.248,12.7
03/13/2024 02:15:42 pm,3.252,13.2
03/13/2024 02:15:42 pm,3.256,13.5
03/13/2024 02:15:42 pm,3.260,13.9
03/13/2024 02:15:42 pm,3.264,14.3
03/13/2024 02:15:42 pm,3.268,14.6
03/13/2024 02:15:42 pm,3.272,15.0
03/13/2024 02:15:42 pm,3.276,15.3
03/13/2024 02:15:42 pm,3.280,15.8
03/13/2024 02:15:42 pm,3.284,16.1
03/13/2024 02:15:42 pm,3.288,16.5
03/13/2024 02:15:42 pm,3.292,16.9
03/13/2024 02:15:42 pm,3.296,17.3
03/13/2024 02:15:42 pm,3.300,17.7
03/13/2024 02:15:42 pm,3.304,18.0
03/13/2024 02:15:42 pm,3.308,18.4
03/13/2024 02:15:42 pm,3.312,18.8
03/13/2024 02:15:42 pm,3.316,19.1
03/13/2024 02:15:42 pm,3.320,19.4
03/13/2024 02:15:42 pm,3.324,19.8
03/13/2024 02:15:42 pm,3.328,20.2
03/13/2024 02:15:42 pm,3.332,20.5
03/13/2024 02:15:42 pm,3.336,20.9
03/13/2024 02:15:42 pm,3.340,21.3
03/13/2024 02:15:42 pm,3.344,21.6
03/13/2024 02:15:42 pm,3.348,22.0
03/13/2024 02:15:42 pm,3.352,22.3
03/13/2024 02:15:42 pm,3.356,22.7
03/13/2024 02:15:42 pm,3.360,22.9
03/13/2024 02:15:42 pm,3.364,23.2
03/13/2024 02:15:42 pm,3.368,23.6
03/13/2024 02:15:42 pm,3.372,23.9
03/13/2024 02:15:42 pm,3.376,24.2
03/13/2024 02:15:42 pm,3.380,24.6
03/13/2024 02:15:42 pm,3.384,24.9
03/13/2024 02:15:42 pm,3.388,25.2
03/13/2024 02:15:42 pm,3.392,25.6
03/13/2024 02:15:42 pm,3.396,25.9
03/13/2024 02:15:42 pm,3.400,26.2
03/13/2024 02:15:42 pm,3.404,26.5
03/13/2024 02:15:42 pm,3.408,26.8
03/13/2024 02:15:42 pm,3.412,27.0
03/13/2024 02:15:42 pm,3.416,27.3
03/13/2024 02:15:42 pm,3.420,27.5
03/13/2024 02:15:42 pm,3.424,27.8
03/13/2024 02:15:42 pm,3.428,28.1
03/13/2024 02:15:42 pm,3.432,28.4
03/13/2024 02:15:42 pm,3.436,28.6
03/13/2024 02:15:42 pm,3.440,28.9
03/13/2024 02:15:42 pm,3.444,29.2
03/13/2024 02:15:42 pm,3.448,29.4
03/13/2024 02:15:42 pm,3.452,29.7
03/13/2024 02:15:42 pm,3.456,29.9
03/13/2024 02:15:42 pm,3.460,30.2
03/13/2024 02:15:42 pm,3.464,30.4
03/13/2024 02:15:42 pm,3.468,30.7
03/13/2024 02:15:42 pm,3.472,30.9
03/13/2024 02:15:42 pm,3.476,31.1
03/13/2024 02:15:42 pm,3.480,31.3
03/13/2024 02:15:42 pm,3.484,31.5
03/13/2024 02:15:42 pm,3.488,31.7
03/13/2024 02:15:42 pm,3.492,32.0
03/13/2024 02:15:42 pm,3.496,32.2
03/13/2024 02:15:42 pm,3.500,32.4
03/13/2024 02:15:42 pm,3.504,32.6
03/13/2024 02:15:42 pm,3.508,32.8
03/13/2024 02:15:42 pm,3.512,33.0
03/13/2024 02:15:42 pm,3.516,33.2
03/13/2024 02:15:42 pm,3.520,33.4
03/13/2024 02:15:42 pm,3.524,33.6
03/13/2024 02:15:42 pm,3.528,33.8
03/13/2024 02:15:42 pm,3.532,34.0
03/13/2024 02:15:42 pm,3.536,34.2
03/13/2024 02:15:42 pm,3.540,34.4
03/13/2024 02:15:42 pm,3.544,34.5
03/13/2024 02:15:42 pm,3.548,34.7
03/13/2024 02:15:42 pm,3.552,34.8
03/13/2024 02:15:42 pm,3.556,35.0
03/13/2024 02:15:42 pm,3.560,35.1
03/13/2024 02:15:42 pm,3.564,35.2
03/13/2024 02:15:42 pm,3.568,35.3
03/13/2024 02:15:42 pm,3.572,35.4
03/13/2024 02:15:42 pm,3.576,35.4
03/13/2024 02:15:42 pm,3.580,35.5
03/13/2024 02:15:42 pm,3.584,35.6
03/13/2024 02:15:42 pm,3.588,35.7
03/13/2024 02:15:42 pm,3.592,35.8
03/13/2024 02:15:42 pm,3.596,35.9
03/13/2024 02:15:42 pm,3.600,35.9
03/13/2024 02:15:42 pm,3.604,36.0
03/13/2024 02:15:42 pm,3.608,36.0
03/13/2024 02:15:42 pm,3.612,36.1
03/13/2024 02:15:42 pm,3.616,36.2
03/13/2024 02:15:42 pm,3.620,36.2
03/13/2024 02:15:42 pm,3.624,36.3
03/13/2024 02:15:42 pm,3.628,36.4
03/13/2024 02:15:42 pm,3.632,36.4
03/13/2024 02:15:42 pm,3.636,36.4
03/13/2024 02:15:42 pm,3.640,36.5
03/13/2024 02:15:42 pm,3.644,36.6
03/13/2024 02:15:42 pm,3.648,36.6
03/13/2024 02:15:42 pm,3.652,36.6
03/13/2024 02:15:42 pm,3.656,36.6
03/13/2024 02:15:42 pm,3.660,36.5
03/13/2024 02:15:42 pm,3.664,36.5
03/13/2024 02:15:42 pm,3.668,36.4
03/13/2024 02:15:42 pm,3.672,36.3
03/13/2024 02:15:42 pm,3.676,36.3
03/13/2024 02:15:42 pm,3.680,36.2
03/13/2024 02:15:42 pm,3.684,36.2
03/13/2024 02:15:42 pm,3.688,36.2
03/13/2024 02:15:42 pm,3.692,36.1
03/13/2024 02:15:42 pm,3.696,36.0
03/13/2024 02:15:42 pm,3.700,35.9
03/13/2024 02:15:42 pm,3.704,35.9
03/13/2024 02:15:42 pm,3.708,35.8
03/13/2024 02:15:42 pm,3.712,35.7
03/13/2024 02:15:42 pm,3.716,35.6
03/13/2024 02:15:42 pm,3.720,35.5
03/13/2024 02:15:42 pm,3.724,35.4
03/13/2024 02:15:42 pm,3.728,35.4
03/13/2024 02:15:42 pm,3.732,35.3
03/13/2024 02:15:42 pm,3.736,35.2
03/13/2024 02:15:42 pm,3.740,35.1
03/13/2024 02:15:42 pm,3.744,35.0
03/13/2024 02:15:42 pm,3.748,34.8
03/13/2024 02:15:42 pm,3.752,34.7
03/13/2024 02:15:42 pm,3.756,34.5
03/13/2024 02:15:42 pm,3.760,34.4
03/13/2024 02:15:42 pm,3.764,34.2
03/13/2024 02:15:42 pm,3.768,34.0
03/13/2024 02:15:42 pm,3.772,33.8
03/13/2024 02:15:42 pm,3.776,33.7
03/13/2024 02:15:42 pm,3.780,33.5
03/13/2024 02:15:42 pm,3.784,33.3
03/13/2024 02:15:42 pm,3.788,33.1
03/13/2024 02:15:42 pm,3.792,32.9
03/13/2024 02:15:42 pm,3.796,32.7
03/13/2024 02:15:42 pm,3.800,32.4
03/13/2024 02:15:42 pm,3.804,32.2
03/13/2024 02:15:42 pm,3.808,32.0
03/13/2024 02:15:42 pm,3.812,31.8
03/13/2024 02:15:42 pm,3.816,31.6
03/13/2024 02:15:42 pm,3.820,31.4
03/13/2024 02:15:42 pm,3.824,31.3
03/13/2024 02:15:42 pm,3.828,31.0
03/13/2024 02:15:42 pm,3.832,30.7
03/13/2024 02:15:42 pm,3.836,30.5
03/13/2024 02:15:42 pm,3.840,30.3
03/13/2024 02:15:42 pm,3.844,30.1
03/13/2024 02:15:42 pm,3.848,29.8
03/13/2024 02:15:42 pm,3.852,29.6
03/13/2024 02:15:42 pm,3.856,29.3
03/13/2024 02:15:42 pm,3.860,29.0
03/13/2024 02:15:42 pm,3.864,28.7
03/13/2024 02:15:42 pm,3.868,28.5
03/13/2024 02:15:42 pm,3.872,28.2
03/13/2024 02:15:42 pm,3.876,27.9
03/13/2024 02:15:42 pm,3.880,27.7
03/13/2024 02:15:42 pm,3.884,27.4
03/13/2024 02:15:42 pm,3.888,27.1
03/13/2024 02:15:42 pm,3.892,26.9
03/13/2024 02:15:42 pm,3.896,26.6
03/13/2024 02:15:42 pm,3.900,26.3
03/13/2024 02:15:42 pm,3.904,26.0
03/13/2024 02:15:42 pm,3.908,25.6
03/13/2024 02:15:42 pm,3.912,25.4
03/13/2024 02:15:42 pm,3.916,25.1
03/13/2024 02:15:42 pm,3.920,24.8
03/13/2024 02:15:42 pm,3.924,24.4
03/13/2024 02:15:42 pm,3.928,24.1
03/13/2024 02:15:42 pm,3.932,23.8
03/13/2024 02:15:42 pm,3.936,23.5
03/13/2024 02:15:42 pm,3.940,23.1
03/13/2024 02:15:42 pm,3.944,22.9
03/13/2024 02:15:42 pm,3.948,22.5
03/13/2024 02:15:42 pm,3.952,22.2
03/13/2024 02:15:42 pm,3.956,21.9
03/13/2024 02:15:42 pm,3.960,21.5
03/13/2024 02:15:42 pm,3.964,21.1
03/13/2024 02:15:42 pm,3.968,20.8
03/13/2024 02:15:42 pm,3.972,20.4
03/13/2024 02:15:42 pm,3.976,20.0
03/13/2024 02:15:42 pm,3.980,19.7
03/13/2024 02:15:42 pm,3.984,19.3
03/13/2024 02:15:42 pm,3.988,18.9
03/13/2024 02:15:42 pm,3.992,18.6
03/13/2024 02:15:42 pm,3.996,18.3
03/13/2024 02:15:43 pm,4.000,17.9
03/13/2024 02:15:43 pm,4.004,17.5
03/13/2024 02:15:43 pm,4.008,17.2
03/13/2024 02:15:43 pm,4.012,16.8
03/13/2024 02:15:43 pm,4.016,16.4
03/13/2024 02:15:43 pm,4.020,16.0
03/13/2024 02:15:43 pm,4.024,15.6
03/13/2024 02:15:43 pm,4.028,15.3
03/13/2024 02:15:43 pm,4.032,14.9
03/13/2024 02:15:43 pm,4.036,14.6
03/13/2024 02:15:43 pm,4.040,14.2
03/13/2024 02:15:43 pm,4.044,13.8
03/13/2024 02:15:43 pm,4.048,13.4
03/13/2024 02:15:43 pm,4.052,13.0
03/13/2024 02:15:43 pm,4.056,12.7
03/13/2024 02:15:43 pm,4.060,12.3
03/13/2024 02:15:43 pm,4.064,11.9
03/13/2024 02:15:43 pm,4.068,11.5
03/13/2024 02:15:43 pm,4.072,11.1
03/13/2024 02:15:43 pm,4.076,10.7
03/13/2024 02:15:43 pm,4.080,10.4
03/13/2024 02:15:43 pm,4.084,10.1
03/13/2024 02:15:43 pm,4.088,9.7
03/13/2024 02:15:43 pm,4.092,9.4
03/13/2024 02:15:43 pm,4.096,9.0
03/13/2024 02:15:43 pm,4.100,8.6
03/13/2024 02:15:43 pm,4.104,8.3
03/13/2024 02:15:43 pm,4.108,7.9
03/13/2024 02:15:43 pm,4.112,7.5
03/13/2024 02:15:43 pm,4.116,7.2
03/13/2024 02:15:43 pm,4.120,6.8
03/13/2024 02:15:43 pm,4.124,6.4
03/13/2024 02:15:43 pm,4.128,6.2
03/13/2024 02:15:43 pm,4.132,5.8
03/13/2024 02:15:43 pm,4.136,5.5
03/13/2024 02:15:43 pm,4.140,5.1
03/13/2024 02:15:43 pm,4.144,4.8
03/13/2024 02:15:43 pm,4.148,4.5
03/13/2024 02:15:43 pm,4.152,4.2
03/13/2024 02:15:43 pm,4.156,3.8
03/13/2024 02:15:43 pm,4.160,3.5
03/13/2024 02:15:43 pm,4.164,3.2
03/13/2024 02:15:43 pm,4.168,2.9
03/13/2024 02:15:43 pm,4.172,2.6
03/13/2024 02:15:43 pm,4.176,2.2
03/13/2024 02:15:43 pm,4.180,2.1
03/13/2024 02:15:43 pm,4.184,1.8
03/13/2024 02:15:43 pm,4.188,1.5
03/13/2024 02:15:43 pm,4.192,1.2
03/13/2024 02:15:43 pm,4.196,0.9
03/13/2024 02:15:43 pm,4.200,0.6
03/13/2024 02:15:43 pm,4.204,0.3
03/13/2024 02:15:43 pm,4.208,0.1
03/13/2024 02:15:43 pm,4.212,-0.2
03/13/2024 02:15:43 pm,4.216,-0.5
03/13/2024 02:15:43 pm,4.220,-0.7
03/13/2024 02:15:43 pm,4.224,-1.0
03/13/2024 02:15:43 pm,4.228,-1.2
03/13/2024 02:15:43 pm,4.232,-1.5
03/13/2024 02:15:43 pm,4.236,-1.7
03/13/2024 02:15:43 pm,4.240,-2.0
03/13/2024 02:15:43 pm,4.244,-2.1
03/13/2024 02:15:43 pm,4.248,-2.3
03/13/2024 02:15:43 pm,4.252,-2.6
03/13/2024 02:15:43 pm,4.256,-2.8
03/13/2024 02:15:43 pm,4.260,-3.0
03/13/2024 02:15:43 pm,4.264,-3.2
03/13/2024 02:15:43 pm,4.268,-3.5
03/13/2024 02:15:43 pm,4.272,-3.7
03/13/2024 02:15:43 pm,4.276,-3.9
03/13/2024 02:15:43 pm,4.280,-4.1
03/13/2024 02:15:43 pm,4.284,-4.3
03/13/2024 02:15:43 pm,4.288,-4.4
03/13/2024 02:15:43 pm,4.292,-4.6
03/13/2024 02:15:43 pm,4.296,-4.8
03/13/2024 02:15:43 pm,4.300,-5.0
03/13/2024 02:15:43 pm,4.304,-5.2
03/13/2024 02:15:43 pm,4.308,-5.4
03/13/2024 02:15:43 pm,4.312,-5.6
03/13/2024 02:15:43 pm,4.316,-5.7
03/13/2024 02:15:43 pm,4.320,-5.9
03/13/2024 02:15:43 pm,4.324,-6.0
03/13/2024 02:15:43 pm,4.328,-6.2
03/13/2024 02:15:43 pm,4.332,-6.2
03/13/2024 02:15:43 pm,4.336,-6.4
03/13/2024 02:15:43 pm,4.340,-6.5
03/13/2024 02:15:43 pm,4.344,-6.6
03/13/2024 02:15:43 pm,4.348,-6.8
03/13/2024 02:15:43 pm,4.352,-6.9
03/13/2024 02:15:43 pm,4.356,-7.0
03/13/2024 02:15:43 pm,4.360,-7.0
03/13/2024 02:15:43 pm,4.364,-7.2
03/13/2024 02:15:43 pm,4.368,-7.2
03/13/2024 02:15:43 pm,4.372,-7.3
03/13/2024 02:15:43 pm,4.376,-7.4
03/13/2024 02:15:43 pm,4.380,-7.4
03/13/2024 02:15:43 pm,4.384,-7.5
03/13/2024 02:15:43 pm,4.388,-7.6
03/13/2024 02:15:43 pm,4.392,-7.7
03/13/2024 02:15:43 pm,4.396,-7.7
03/13/2024 02:15:43 pm,4.400,-7.7
03/13/2024 02:15:43 pm,4.404,-7.8
03/13/2024 02:15:43 pm,4.408,-7.8
03/13/2024 02:15:43 pm,4.412,-7.9
03/13/2024 02:15:43 pm,4.416,-8.0
03/13/2024 02:15:43 pm,4.420,-8.0
03/13/2024 02:15:43 pm,4.424,-8.0
03/13/2024 02:15:43 pm,4.428,-8.1
03/13/2024 02:15:43 pm,4.432,-8.0
03/13/2024 02:15:43 pm,4.436,-8.0
03/13/2024 02:15:43 pm,4.440,-8.0
03/13/2024 02:15:43 pm,4.444,-7.9
03/13/2024 02:15:43 pm,4.448,-7.8
03/13/2024 02:15:43 pm,4.452,-7.8
03/13/2024 02:15:43 pm,4.456,-7.7
03/13/2024 02:15:43 pm,4.460,-7.7
03/13/2024 02:15:43 pm,4.464,-7.6
03/13/2024 02:15:43 pm,4.468,-7.6
03/13/2024 02:15:43 pm,4.472,-7.5
03/13/2024 02:15:43 pm,4.476,-7.4
03/13/2024 02:15:43 pm,4.480,-7.4
03/13/2024 02:15:43 pm,4.484,-7.3
03/13/2024 02:15:43 pm,4.488,-7.2
03/13/2024 02:15:43 pm,4.492,-7.1
03/13/2024 02:15:43 pm,4.496,-7.0
03/13/2024 02:15:43 pm,4.500,-6.9
03/13/2024 02:15:43 pm,4.504,-6.8
03/13/2024 02:15:43 pm,4.508,-6.7
03/13/2024 02:15:43 pm,4.512,-6.6
03/13/2024 02:15:43 pm,4.516,-6.5
03/13/2024 02:15:43 pm,4.520,-6.4
03/13/2024 02:15:43 pm,4.524,-6.2
03/13/2024 02:15:43 pm,4.528,-6.2
03/13/2024 02:15:43 pm,4.532,-6.0
03/13/2024 02:15:43 pm,4.536,-5.8
03/13/2024 02:15:43 pm,4.540,-5.7
03/13/2024 02:15:43 pm,4.544,-5.5
03/13/2024 02:15:43 pm,4.548,-5.3
03/13/2024 02:15:43 pm,4.552,-5.2
03/13/2024 02:15:43 pm,4.556,-5.0
03/13/2024 02:15:43 pm,4.560,-4.8
03/13/2024 02:15:43 pm,4.564,-4.6
03/13/2024 02:15:43 pm,4.568,-4.4
03/13/2024 02:15:43 pm,4.572,-4.2
03/13/2024 02:15:43 pm,4.576,-4.0
03/13/2024 02:15:43 pm,4.580,-3.7
03/13/2024 02:15:43 pm,4.584,-3.5
03/13/2024 02:15:43 pm,4.588,-3.4
03/13/2024 02:15:43 pm,4.592,-3.1
03/13/2024 02:15:43 pm,4.596,-2.9
03/13/2024 02:15:43 pm,4.600,-2.7
03/13/2024 02:15:43 pm,4.604,-2.5
03/13/2024 02:15:43 pm,4.608,-2.2
03/13/2024 02:15:43 pm,4.612,-2.1
03/13/2024 02:15:43 pm,4.616,-1.8
03/13/2024 02:15:43 pm,4.620,-1.6
03/13/2024 02:15:43 pm,4.624,-1.4
03/13/2024 02:15:43 pm,4.628,-1.1
03/13/2024 02:15:43 pm,4.632,-0.8
03/13/2024 02:15:43 pm,4.636,-0.6
03/13/2024 02:15:43 pm,4.640,-0.3
03/13/2024 02:15:43 pm,4.644,0.0
03/13/2024 02:15:43 pm,4.648,0.2
03/13/2024 02:15:43 pm,4.652,0.5
03/13/2024 02:15:43 pm,4.656,0.8
03/13/2024 02:15:43 pm,4.660,1.1
03/13/2024 02:15:43 pm,4.664,1.3
03/13/2024 02:15:43 pm,4.668,1.6
03/13/2024 02:15:43 pm,4.672,1.9
03/13/2024 02:15:43 pm,4.676,2.1
03/13/2024 02:15:43 pm,4.680,2.5
03/13/2024 02:15:43 pm,4.684,2.7
03/13/2024 02:15:43 pm,4.688,3.1
03/13/2024 02:15:43 pm,4.692,3.4
03/13/2024 02:15:43 pm,4.696,3.7
03/13/2024 02:15:43 pm,4.700,4.0
03/13/2024 02:15:43 pm,4.704,4.4
03/13/2024 02:15:43 pm,4.708,4.7
03/13/2024 02:15:43 pm,4.712,5.1
03/13/2024 02:15:43 pm,4.716,5.4
03/13/2024 02:15:43 pm,4.720,5.7
03/13/2024 02:15:43 pm,4.724,6.1
03/13/2024 02:15:43 pm,4.728,6.4
03/13/2024 02:15:43 pm,4.732,6.7
03/13/2024 02:15:43 pm,4.736,7.1
03/13/2024 02:15:43 pm,4.740,7.4
03/13/2024 02:15:43 pm,4.744,7.8
03/13/2024 02:15:43 pm,4.748,8.2
03/13/2024 02:15:43 pm,4.752,8.5
03/13/2024 02:15:43 pm,4.756,8.9
03/13/2024 02:15:43 pm,4.760,9.2
03/13/2024 02:15:43 pm,4.764,9.7
03/13/2024 02:15:43 pm,4.768,10.0
03/13/2024 02:15:43 pm,4.772,10.4
03/13/2024 02:15:43 pm,4.776,10.7
03/13/2024 02:15:43 pm,4.780,11.1
03/13/2024 02:15:43 pm,4.784,11.5
03/13/2024 02:15:43 pm,4.788,11.8
03/13/2024 02:15:43 pm,4.792,12.2
03/13/2024 02:15:43 pm,4.796,12.6
03/13/2024 02:15:43 pm,4.800,13.0
03/13/2024 02:15:43 pm,4.804,13.4
03/13/2024 02:15:43 pm,4.808,13.8
03/13/2024 02:15:43 pm,4.812,14.1
03/13/2024 02:15:43 pm,4.816,14.5
03/13/2024 02:15:43 pm,4.820,14.8
03/13/2024 02:15:43 pm,4.824,15.2
03/13/2024 02:15:43 pm,4.828,15.6
03/13/2024 02:15:43 pm,4.832,16.0
03/13/2024 02:15:43 pm,4.836,16.4
03/13/2024 02:15:43 pm,4.840,16.8
03/13/2024 02:15:43 pm,4.844,17.2
03/13/2024 02:15:43 pm,4.848,17.5
03/13/2024 02:15:43 pm,4.852,17.9
03/13/2024 02:15:43 pm,4.856,18.2
03/13/2024 02:15:43 pm,4.860,18.6
03/13/2024 02:15:43 pm,4.864,18.9
03/13/2024 02:15:43 pm,4.868,19.3
03/13/2024 02:15:43 pm,4.872,19.7
03/13/2024 02:15:43 pm,4.876,20.0
03/13/2024 02:15:43 pm,4.880,20.4
03/13/2024 02:15:43 pm,4.884,20.8
03/13/2024 02:15:43 pm,4.888,21.1
03/13/2024 02:15:43 pm,4.892,21.5
03/13/2024 02:15:43 pm,4.896,21.9
03/13/2024 02:15:43 pm,4.900,22.2
03/13/2024 02:15:43 pm,4.904,22.5
03/13/2024 02:15:43 pm,4.908,22.9
03/13/2024 02:15:43 pm,4.912,23.1
03/13/2024 02:15:43 pm,4.916,23.4
03/13/2024 02:15:43 pm,4.920,23.8
03/13/2024 02:15:43 pm,4.924,24.1
03/13/2024 02:15:43 pm,4.928,24.5
03/13/2024 02:15:43 pm,4.932,24.8
03/13/2024 02:15:43 pm,4.936,25.1
03/13/2024 02:15:43 pm,4.940,25.4
03/13/2024 02:15:43 pm,4.944,25.8
03/13/2024 02:15:43 pm,4.948,26.0
03/13/2024 02:15:43 pm,4.952,26.4
03/13/2024 02:15:43 pm,4.956,26.6
03/13/2024 02:15:43 pm,4.960,27.0
03/13/2024 02:15:43 pm,4.964,27.1
03/13/2024 02:15:43 pm,4.968,27.4
03/13/2024 02:15:43 pm,4.972,27.7
03/13/2024 02:15:43 pm,4.976,28.0
03/13/2024 02:15:43 pm,4.980,28.3
03/13/2024 02:15:43 pm,4.984,28.6
03/13/2024 02:15:43 pm,4.988,28.8
03/13/2024 02:15:43 pm,4.992,29.1
03/13/2024 02:15:43 pm,4.996,29.3
03/13/2024 02:15:44 pm,5.000,29.6
03/13/2024 02:15:44 pm,5.004,29.8
03/13/2024 02:15:44 pm,5.008,30.1
03/13/2024 02:15:44 pm,5.012,30.3
03/13/2024 02:15:44 pm,5.016,30.6
03/13/2024 02:15:44 pm,5.020,30.8
03/13/2024 02:15:44 pm,5.024,31.0
03/13/2024 02:15:44 pm,5.028,31.3
03/13/2024 02:15:44 pm,5.032,31.4
03/13/2024 02:15:44 pm,5.036,31.6
03/13/2024 02:15:44 pm,5.040,31.8
03/13/2024 02:15:44 pm,5.044,32.1
03/13/2024 02:15:44 pm,5.048,32.3
03/13/2024 02:15:44 pm,5.052,32.5
03/13/2024 02:15:44 pm,5.056,32.7
03/13/2024 02:15:44 pm,5.060,32.9
03/13/2024 02:15:44 pm,5.064,33.2
03/13/2024 02:15:44 pm,5.068,33.3
03/13/2024 02:15:44 pm,5.072,33.5
03/13/2024 02:15:44 pm,5.076,33.7
03/13/2024 02:15:44 pm,5.080,33.9
03/13/2024 02:15:44 pm,5.084,34.1
03/13/2024 02:15:44 pm,5.088,34.2
03/13/2024 02:15:44 pm,5.092,34.4
03/13/2024 02:15:44 pm,5.096,34.6
03/13/2024 02:15:44 pm,5.100,34.8
03/13/2024 02:15:44 pm,5.104,34.9
03/13/2024 02:15:44 pm,5.108,35.0
03/13/2024 02:15:44 pm,5.112,35.2
03/13/2024 02:15:44 pm,5.116,35.3
03/13/2024 02:15:44 pm,5.120,35.4
03/13/2024 02:15:44 pm,5.124,35.4
03/13/2024 02:15:44 pm,5.128,35.5
03/13/2024 02:15:44 pm,5.132,35.6
03/13/2024 02:15:44 pm,5.136,35.7
03/13/2024 02:15:44 pm,5.140,35.7
