Time (s) Run #1,Voltage (V) Run #1
0.0,17.6
0.004,17.3
0.008,17.1
0.012,16.8
0.016,16.6
0.02,16.4
0.024,16.1
0.028,15.9
0.032,15.7
0.036,15.4
0.04,15.2
0.044,15.0
0.048,14.7
0.052,14.6
0.056,14.3
0.06,14.1
0.064,13.9
0.068,13.7
0.072,13.4
0.076,13.2
0.08,13.0
0.084,12.7
0.088,12.5
0.092,12.2
0.096,11.9
0.1,11.7
0.104,11.5
0.108,11.3
0.112,11.1
0.116,10.8
0.12,10.6
0.124,10.4
0.128,10.2
0.132,10.0
0.136,9.7
0.14,9.5
0.144,9.2
0.148,9.0
0.152,8.8
0.156,8.6
0.16,8.3
0.164,8.1
0.168,7.9
0.172,7.6
0.176,7.4
0.18,7.1
0.184,6.9
0.188,6.7
0.192,6.5
0.196,6.2
0.2,6.1
0.204,5.8
0.208,5.6
0.212,5.4
0.216,5.1
0.22,4.9
0.224,4.7
0.228,4.4
0.232,4.2
0.236,3.9
0.24,3.7
0.244,3.5
0.248,3.3
0.252,3.0
0.256,2.8
0.26,2.5
0.264,2.3
0.268,2.1
0.272,1.9
0.276,1.7
0.28,1.5
0.284,1.2
0.288,1.0
0.292,0.8
0.296,0.5
0.3,0.3
0.304,0.1
0.308,-0.2
0.312,-0.4
0.316,-0.6
0.32,-0.9
0.324,-1.1
0.328,-1.4
0.332,-1.6
0.336,-1.8
0.34,-2.1
0.344,-2.2
0.348,-2.4
0.352,-2.7
0.356,-2.9
0.36,-3.1
0.364,-3.4
0.368,-3.6
0.372,-3.9
0.376,-4.1
0.38,-4.3
0.384,-4.6
0.388,-4.8
0.392,-5.0
0.396,-5.3
0.4,-5.5
0.404,-5.7
0.408,-5.9
0.412,-6.2
0.416,-6.3
0.42,-6.6
0.424,-6.8
0.428,-7.0
0.432,-7.3
0.436,-7.5
0.44,-7.7
0.444,-8.0
0.448,-7.9
0.452,-7.7
0.456,-7.4
0.46,-7.2
0.464,-7.0
0.468,-6.8
0.472,-6.5
0.476,-6.2
0.48,-6.1
0.484,-5.9
0.488,-5.7
0.492,-5.4
0.496,-5.1
0.5,-4.9
0.504,-4.7
0.508,-4.5
0.512,-4.2
0.516,-4.0
0.52,-3.8
0.524,-3.5
0.528,-3.3
0.532,-3.1
0.536,-2.8
0.54,-2.6
0.544,-2.3
0.548,-2.1
0.552,-2.0
0.556,-1.7
0.56,-1.5
0.564,-1.2
0.568,-1.0
0.572,-0.8
0.576,-0.5
0.58,-0.3
0.584,0.0
0.588,0.2
0.592,0.4
0.596,0.6
0.6,0.9
0.604,1.1
0.608,1.4
0.612,1.6
0.616,1.8
0.62,2.1
0.624,2.2
0.628,2.5
0.632,2.7
0.636,2.9
0.64,3.2
0.644,3.4
0.648,3.6
0.652,3.9
0.656,4.1
0.66,4.3
0.664,4.6
0.668,4.8
0.672,5.1
0.676,5.3
0.68,5.5
0.684,5.8
0.688,6.0
0.692,6.2
0.696,6.4
0.7,6.6
0.704,6.9
0.708,7.1
0.712,7.3
0.716,7.5
0.72,7.8
0.724,8.0
0.728,8.3
0.732,8.5
0.736,8.8
0.74,9.0
0.744,9.2
0.748,9.4
0.752,9.7
0.756,10.0
0.76,10.2
0.764,10.4
0.768,10.5
0.772,10.8
0.776,11.0
0.78,11.3
0.784,11.5
0.788,11.7
0.792,12.0
0.796,12.2
0.8,12.5
0.804,12.7
0.808,12.9
0.812,13.2
0.816,13.4
0.82,13.6
0.824,13.9
0.828,14.1
0.832,14.3
0.836,14.6
0.84,14.7
0.844,14.9
0.848,15.2
0.852,15.4
0.856,15.7
0.86,15.9
0.864,16.1
0.868,16.4
0.872,16.6
0.876,16.8
0.88,17.1
0.884,17.3
0.888,17.5
0.892,17.8
0.896,18.0
0.9,18.3
0.904,18.5
0.908,18.8
0.912,18.9
0.916,19.1
0.92,19.4
0.924,19.6
0.928,19.8
0.932,20.1
0.936,20.3
0.94,20.6
0.944,20.8
0.948,21.0
0.952,21.2
0.956,21.5
0.96,21.7
0.964,22.0
0.968,22.2
0.972,22.4
0.976,22.7
0.98,22.9
0.984,23.0
0.988,23.3
0.992,23.5
0.996,23.8
1.0,24.0
1.004,24.2
1.008,24.5
1.012,24.7
1.016,25.0
1.02,25.2
1.024,25.4
1.028,25.7
1.032,25.9
1.036,26.1
1.04,26.3
1.044,26.6
1.048,26.8
1.052,27.1
1.056,27.2
1.06,27.4
1.064,27.7
1.068,27.9
1.072,28.1
1.076,28.4
1.08,28.6
1.084,28.9
1.088,29.1
1.092,29.3
1.096,29.6
1.1,29.8
1.104,30.0
1.108,30.2
1.112,30.5
1.116,30.8
1.12,31.0
1.124,31.3
1.128,31.4
1.132,31.6
1.136,31.8
1.14,32.0
1.144,32.3
1.148,32.5
1.152,32.8
1.156,33.0
1.16,33.3
1.164,33.5
1.168,33.7
1.172,34.0
1.176,34.2
1.18,34.4
1.184,34.6
1.188,34.9
1.192,35.1
1.196,35.4
1.2,35.5
1.204,35.7
1.208,36.0
1.212,36.2
1.216,36.5
1.22,36.5
1.224,36.2
1.228,36.0
1.232,35.7
1.236,35.5
1.24,35.4
1.244,35.1
1.248,34.9
1.252,34.6
1.256,34.4
1.26,34.2
1.264,34.0
1.268,33.7
1.272,33.5
1.276,33.2
1.28,33.0
1.284,32.8
1.288,32.5
1.292,32.3
1.296,32.0
1.3,31.8
1.304,31.6
1.308,31.4
1.312,31.3
1.316,30.9
1.32,30.7
1.324,30.5
1.328,30.3
1.332,30.0
1.336,29.8
1.34,29.6
1.344,29.3
1.348,29.1
1.352,28.9
1.356,28.6
1.36,28.4
1.364,28.1
1.368,27.9
1.372,27.7
1.376,27.4
1.38,27.2
1.384,27.1
1.388,26.8
1.392,26.6
1.396,26.4
1.4,26.1
1.404,25.9
1.408,25.7
1.412,25.4
1.416,25.2
1.42,25.0
1.424,24.7
1.428,24.5
1.432,24.2
1.436,24.0
1.44,23.8
1.444,23.6
1.448,23.3
1.452,23.1
1.456,22.9
1.46,22.7
1.464,22.5
1.468,22.2
1.472,22.0
1.476,21.8
1.48,21.5
1.484,21.3
1.488,21.1
1.492,20.8
1.496,20.6
1.5,20.4
1.504,20.1
1.508,19.9
1.512,19.6
1.516,19.4
1.52,19.2
1.524,19.0
1.528,18.8
1.532,18.6
1.536,18.3
1.54,18.1
1.544,17.9
1.548,17.6
1.552,17.4
1.556,17.2
1.56,16.9
1.564,16.7
1.568,16.5
1.572,16.2
1.576,16.0
1.58,15.7
1.584,15.5
1.588,15.3
1.592,15.0
1.596,14.8
1.6,14.6
1.604,14.5
1.608,14.2
1.612,13.9
1.616,13.8
1.62,13.5
1.624,13.3
1.628,13.0
1.632,12.8
1.636,12.5
1.64,12.3
1.644,12.1
1.648,11.8
1.652,11.6
1.656,11.4
1.66,11.1
1.664,10.9
1.668,10.6
1.672,10.4
1.676,10.3
1.68,10.0
1.684,9.8
1.688,9.6
1.692,9.4
1.696,9.1
1.7,8.9
1.704,8.6
1.708,8.4
1.712,8.2
1.716,8.0
1.72,7.7
1.724,7.5
1.728,7.2
1.732,7.0
1.736,6.8
1.74,6.5
1.744,6.3
1.748,6.1
1.752,5.9
1.756,5.7
1.76,5.5
1.764,5.2
1.768,5.0
1.772,4.8
1.776,4.5
1.78,4.3
1.784,4.0
1.788,3.8
1.792,3.6
1.796,3.3
1.8,3.1
1.804,2.8
1.808,2.6
1.812,2.4
1.816,2.2
1.82,2.0
1.824,1.8
1.828,1.5
1.832,1.3
1.836,1.1
1.84,0.8
1.844,0.6
1.848,0.4
1.852,0.2
1.856,-0.1
1.86,-0.4
1.864,-0.6
1.868,-0.8
1.872,-1.0
1.876,-1.3
1.88,-1.5
1.884,-1.8
1.888,-2.0
1.892,-2.1
1.896,-2.4
1.9,-2.6
1.904,-2.8
1.908,-3.1
1.912,-3.3
1.916,-3.5
1.92,-3.8
1.924,-4.0
1.928,-4.2
1.932,-4.5
1.936,-4.7
1.94,-4.9
1.944,-5.2
1.948,-5.4
1.952,-5.6
1.956,-5.9
1.96,-6.1
1.964,-6.2
1.968,-6.5
1.972,-6.7
1.976,-6.9
1.98,-7.2
1.984,-7.4
1.988,-7.7
1.992,-7.9
1.996,-8.0
2.0,-7.8
2.004,-7.6
2.008,-7.3
2.012,-7.1
2.016,-6.8
2.02,-6.6
2.024,-6.4
2.028,-6.2
2.032,-5.9
2.036,-5.7
2.04,-5.5
2.044,-5.2
2.048,-5.0
2.052,-4.8
2.056,-4.5
2.06,-4.3
2.064,-4.1
2.068,-3.8
2.072,-3.6
2.076,-3.3
2.08,-3.1
2.084,-2.9
2.088,-2.7
2.092,-2.4
2.096,-2.2
2.1,-2.0
2.104,-1.8
2.108,-1.5
2.112,-1.3
2.116,-1.1
2.12,-0.8
2.124,-0.6
2.128,-0.4
2.132,-0.2
2.136,0.1
2.14,0.3
2.144,0.6
2.148,0.8
2.152,1.0
2.156,1.3
2.16,1.6
2.164,1.8
2.168,2.0
2.172,2.1
2.176,2.4
2.18,2.6
2.184,2.8
2.188,3.1
2.192,3.3
2.196,3.6
2.2,3.8
2.204,4.0
2.208,4.3
2.212,4.5
2.216,4.7
2.22,5.0
2.224,5.2
2.228,5.5
2.232,5.7
2.236,5.9
2.24,6.2
2.244,6.3
2.248,6.5
2.252,6.8
2.256,7.0
2.26,7.2
2.264,7.5
2.268,7.7
2.272,8.0
2.276,8.2
2.28,8.4
2.284,8.7
2.288,8.9
2.292,9.1
2.296,9.4
2.3,9.6
2.304,9.8
2.308,10.1
2.312,10.3
2.316,10.5
2.32,10.7
2.324,11.0
2.328,11.2
2.332,11.4
2.336,11.7
2.34,11.9
2.344,12.1
2.348,12.3
2.352,12.6
2.356,12.9
2.36,13.1
2.364,13.3
2.368,13.5
2.372,13.8
2.376,14.1
2.38,14.3
2.384,14.5
2.388,14.6
2.392,14.9
2.396,15.1
2.4,15.3
2.404,15.6
2.408,15.8
2.412,16.1
2.416,16.3
2.42,16.5
2.424,16.8
2.428,17.0
2.432,17.3
2.436,17.5
2.44,17.7
2.444,17.9
2.448,18.2
2.452,18.4
2.456,18.6
2.46,18.8
2.464,19.0
2.468,19.3
2.472,19.5
2.476,19.8
2.48,20.0
2.484,20.2
2.488,20.5
2.492,20.7
2.496,20.9
2.5,21.2
2.504,21.4
2.508,21.7
2.512,21.9
2.516,22.1
2.52,22.4
2.524,22.6
2.528,22.9
2.532,23.0
2.536,23.2
2.54,23.4
2.544,23.6
2.548,23.9
2.552,24.2
2.556,24.4
2.56,24.6
2.564,24.8
2.568,25.1
2.572,25.4
2.576,25.6
2.58,25.8
2.584,26.0
2.588,26.3
2.592,26.5
2.596,26.7
2.6,27.0
2.604,27.1
2.608,27.4
2.612,27.6
2.616,27.8
2.62,28.1
2.624,28.3
2.628,28.5
2.632,28.8
2.636,29.0
2.64,29.3
2.644,29.5
2.648,29.7
2.652,30.0
2.656,30.2
2.66,30.4
2.664,30.7
2.668,30.9
2.672,31.1
2.676,31.3
2.68,31.5
2.684,31.8
2.688,32.0
2.692,32.2
2.696,32.4
2.7,32.7
2.704,32.9
2.708,33.2
2.712,33.4
2.716,33.7
2.72,33.9
2.724,34.1
2.728,34.4
2.732,34.6
2.736,34.8
2.74,35.1
2.744,35.3
2.748,35.5
2.752,35.7
2.756,35.9
2.76,36.2
2.764,36.4
2.768,36.5
2.772,36.3
2.776,36.0
2.78,35.8
2.784,35.6
2.788,35.4
2.792,35.2
2.796,35.0
2.8,34.7
2.804,34.5
2.808,34.2
2.812,34.0
2.816,33.8
2.82,33.5
2.824,33.3
2.828,33.1
2.832,32.8
2.836,32.6
2.84,32.4
2.844,32.2
2.848,31.9
2.852,31.7
2.856,31.4
2.86,31.3
2.864,31.1
2.868,30.8
2.872,30.6
2.876,30.4
2.88,30.1
2.884,29.9
2.888,29.6
2.892,29.4
2.896,29.1
2.9,28.9
2.904,28.7
2.908,28.5
2.912,28.2
2.916,28.0
2.92,27.7
2.924,27.5
2.928,27.3
2.932,27.1
2.936,26.9
2.94,26.7
2.944,26.4
2.948,26.2
2.952,26.0
2.956,25.7
2.96,25.5
2.964,25.3
2.968,25.0
2.972,24.8
2.976,24.6
2.98,24.3
2.984,24.1
2.988,23.8
2.992,23.6
2.996,23.4
3.0,23.2
3.004,22.9
3.008,22.8
3.012,22.5
3.016,22.3
3.02,22.1
3.024,21.8
3.028,21.6
3.032,21.3
3.036,21.1
3.04,20.9
3.044,20.7
3.048,20.4
3.052,20.2
3.056,20.0
3.06,19.7
3.064,19.5
3.068,19.2
3.072,19.0
3.076,18.8
3.08,18.6
3.084,18.4
3.088,18.2
3.092,18.0
3.096,17.7
3.1,17.5
3.104,17.2
3.108,17.0
3.112,16.8
3.116,16.5
3.12,16.3
3.124,16.1
3.128,15.8
3.132,15.6
3.136,15.3
3.14,15.1
3.144,14.9
3.148,14.6
3.152,14.5
3.156,14.3
3.16,14.1
3.164,13.8
3.168,13.6
3.172,13.3
3.176,13.1
3.18,12.9
3.184,12.6
3.188,12.4
3.192,12.2
3.196,11.9
3.2,11.7
3.204,11.4
3.208,11.3
3.212,11.0
3.216,10.7
3.22,10.5
3.224,10.4
3.228,10.1
3.232,9.9
3.236,9.7
3.24,9.4
3.244,9.2
3.248,9.0
3.252,8.7
3.256,8.5
3.26,8.3
3.264,8.0
3.268,7.8
3.272,7.6
3.276,7.3
3.28,7.1
3.284,6.8
3.288,6.6
3.292,6.4
3.296,6.2
3.3,6.0
3.304,5.8
3.308,5.5
3.312,5.3
3.316,5.1
3.32,4.8
3.324,4.6
3.328,4.3
3.332,4.1
3.336,3.9
3.34,3.7
3.344,3.4
3.348,3.2
3.352,3.0
3.356,2.7
3.36,2.5
3.364,2.2
3.368,2.1
3.372,1.9
3.376,1.6
3.38,1.4
3.384,1.1
3.388,0.9
3.392,0.7
3.396,0.5
3.4,0.2
3.404,0.0
3.408,-0.3
3.412,-0.5
3.416,-0.7
3.42,-1.0
3.424,-1.2
3.428,-1.4
3.432,-1.7
3.436,-1.9
3.44,-2.1
3.444,-2.3
3.448,-2.5
3.452,-2.7
3.456,-2.9
3.46,-3.2
3.464,-3.5
3.468,-3.7
3.472,-3.9
3.476,-4.1
3.48,-4.4
3.484,-4.6
3.488,-4.9
3.492,-5.1
3.496,-5.3
3.5,-5.6
3.504,-5.8
3.508,-6.0
3.512,-6.2
3.516,-6.4
3.52,-6.7
3.524,-6.9
3.528,-7.1
3.532,-7.3
3.536,-7.6
3.54,-7.8
3.544,-8.1
3.548,-7.8
3.552,-7.6
3.556,-7.4
3.56,-7.1
3.564,-6.9
3.568,-6.7
3.572,-6.4
3.576,-6.2
3.58,-6.0
3.584,-5.8
3.588,-5.6
3.592,-5.3
3.596,-5.1
3.6,-4.9
3.604,-4.6
3.608,-4.4
3.612,-4.1
3.616,-3.9
3.62,-3.7
3.624,-3.4
3.628,-3.2
3.632,-3.0
3.636,-2.7
3.64,-2.5
3.644,-2.3
3.648,-2.1
3.652,-1.9
3.656,-1.6
3.66,-1.4
3.664,-1.2
3.668,-0.9
3.672,-0.7
3.676,-0.5
3.68,-0.2
3.684,0.0
3.688,0.3
3.692,0.5
3.696,0.8
3.7,1.0
3.704,1.2
3.708,1.4
3.712,1.7
3.716,1.9
3.72,2.1
3.724,2.3
3.728,2.5
3.732,2.7
3.736,3.0
3.74,3.3
3.744,3.5
3.748,3.7
3.752,4.0
3.756,4.2
3.76,4.4
3.764,4.7
3.768,4.9
3.772,5.1
3.776,5.4
3.78,5.6
3.784,5.9
3.788,6.1
3.792,6.3
3.796,6.5
3.8,6.7
3.804,7.0
3.808,7.2
3.812,7.4
3.816,7.6
3.82,7.9
3.824,8.2
3.828,8.4
3.832,8.6
3.836,8.8
3.84,9.1
3.844,9.3
3.848,9.5
3.852,9.8
3.856,10.0
3.86,10.2
3.864,10.4
3.868,10.6
3.872,10.9
3.876,11.1
3.88,11.3
3.884,11.6
3.888,11.8
3.892,12.0
3.896,12.3
3.9,12.5
3.904,12.8
3.908,13.0
3.912,13.2
3.916,13.5
3.92,13.7
3.924,13.9
3.928,14.2
3.932,14.4
3.936,14.6
3.94,14.8
3.944,15.0
3.948,15.3
3.952,15.5
3.956,15.8
3.96,16.0
3.964,16.2
3.968,16.5
3.972,16.7
3.976,16.9
3.98,17.1
3.984,17.4
3.988,17.6
3.992,17.9
3.996,18.1
4.0,18.3
4.004,18.6
4.008,18.8
4.012,19.0
4.016,19.2
4.02,19.5
4.024,19.7
4.028,19.9
4.032,20.1
4.036,20.4
4.04,20.6
4.044,20.8
4.048,21.1
4.052,21.3
4.056,21.6
4.06,21.8
4.064,22.0
4.068,22.3
4.072,22.5
4.076,22.8
4.08,22.9
4.084,23.1
4.088,23.4
4.092,23.6
4.096,23.8
4.1,24.1
4.104,24.3
4.108,24.5
4.112,24.8
4.116,25.0
4.12,25.2
4.124,25.5
4.128,25.7
4.132,26.0
4.136,26.2
4.14,26.4
4.144,26.7
4.148,26.9
4.152,27.1
4.156,27.3
4.16,27.5
4.164,27.7
4.168,28.0
4.172,28.2
4.176,28.5
4.18,28.7
4.184,28.9
4.188,29.2
4.192,29.4
4.196,29.6
4.2,29.9
4.204,30.1
4.208,30.4
4.212,30.6
4.216,30.8
4.22,31.1
4.224,31.3
4.228,31.4
4.232,31.7
4.236,31.9
4.24,32.2
4.244,32.4
4.248,32.6
4.252,32.9
4.256,33.1
4.26,33.4
4.264,33.6
4.268,33.8
4.272,34.1
4.276,34.3
4.28,34.5
4.284,34.8
4.288,35.0
4.292,35.2
4.296,35.4
4.3,35.6
4.304,35.9
4.308,36.1
4.312,36.3
4.316,36.5
4.32,36.3
4.324,36.1
4.328,35.9
4.332,35.6
4.336,35.4
4.34,35.3
4.344,35.0
4.348,34.8
4.352,34.6
4.356,34.4
4.36,34.1
4.364,33.9
4.368,33.7
4.372,33.4
4.376,33.2
4.38,32.9
4.384,32.7
4.388,32.5
4.392,32.2
4.396,32.0
4.4,31.8
4.404,31.5
4.408,31.3
4.412,31.1
4.416,30.9
4.42,30.7
4.424,30.4
4.428,30.2
4.432,30.0
4.436,29.7
4.44,29.5
4.444,29.3
4.448,29.0
4.452,28.8
4.456,28.5
4.46,28.3
4.464,28.1
4.468,27.8
4.472,27.6
4.476,27.4
4.48,27.2
4.484,27.0
4.488,26.8
4.492,26.5
4.496,26.3
4.5,26.1
4.504,25.8
4.508,25.6
4.512,25.4
4.516,25.1
4.52,24.8
4.524,24.7
4.528,24.4
4.532,24.2
4.536,23.9
4.54,23.7
4.544,23.5
4.548,23.2
4.552,23.0
4.556,22.9
4.56,22.6
4.564,22.4
4.568,22.1
4.572,21.9
4.576,21.7
4.58,21.5
4.584,21.2
4.588,21.0
4.592,20.8
4.596,20.5
4.6,20.3
4.604,20.0
4.608,19.8
4.612,19.6
4.616,19.3
4.62,19.1
4.624,18.9
4.628,18.8
4.632,18.5
4.636,18.2
4.64,18.0
4.644,17.8
4.648,17.5
4.652,17.3
4.656,17.1
4.66,16.8
4.664,16.6
4.668,16.4
4.672,16.2
4.676,15.9
4.68,15.7
4.684,15.4
4.688,15.2
4.692,15.0
4.696,14.7
4.7,14.6
4.704,14.4
4.708,14.1
4.712,13.9
4.716,13.7
4.72,13.4
4.724,13.2
4.728,12.9
4.732,12.7
4.736,12.5
4.74,12.2
4.744,12.0
4.748,11.8
4.752,11.5
4.756,11.3
4.76,11.1
4.764,10.8
4.768,10.6
4.772,10.4
4.776,10.2
4.78,10.0
4.784,9.8
4.788,9.6
4.792,9.3
4.796,9.1
4.8,8.8
4.804,8.6
4.808,8.3
4.812,8.1
4.816,7.9
4.82,7.6
4.824,7.4
4.828,7.1
4.832,7.0
4.836,6.7
4.84,6.4
4.844,6.2
4.848,6.1
4.852,5.8
4.856,5.6
4.86,5.4
4.864,5.1
4.868,4.9
4.872,4.7
4.876,4.4
4.88,4.2
4.884,4.0
4.888,3.7
4.892,3.5
4.896,3.3
4.9,3.1
4.904,2.8
4.908,2.5
4.912,2.3
4.916,2.1
4.92,2.0
4.924,1.7
4.928,1.5
4.932,1.2
4.936,1.0
4.94,0.8
4.944,0.5
4.948,0.3
4.952,0.0
4.956,-0.2
4.96,-0.4
4.964,-0.7
4.968,-0.9
4.972,-1.1
4.976,-1.3
4.98,-1.6
4.984,-1.8
4.988,-2.1
4.992,-2.2
4.996,-2.4
5.0,-2.7
5.004,-2.9
5.008,-3.1
5.012,-3.4
5.016,-3.6
5.02,-3.8
5.024,-4.1
5.028,-4.3
5.032,-4.6
5.036,-4.8
5.04,-5.0
5.044,-5.2
5.048,-5.5
5.052,-5.7
5.056,-5.9
5.06,-6.2
5.064,-6.4
5.068,-6.6
5.072,-6.8
5.076,-7.0
5.08,-7.3
5.084,-7.5
5.088,-7.8
5.092,-8.0
5.096,-8.0
5.1,-7.7
5.104,-7.5
5.108,-7.2
5.112,-7.0
5.116,-6.8
5.12,-6.5
5.124,-6.2
5.128,-6.1
5.132,-5.9
5.136,-5.7
5.14,-5.4
5.144,-5.2
5.148,-4.9
5.152,-4.7
5.156,-4.5
5.16,-4.2
5.164,-4.0
5.168,-3.8
5.172,-3.5
5.176,-3.3
5.18,-3.0
5.184,-2.8
5.188,-2.6
5.192,-2.3
5.196,-2.1
5.2,-2.0
5.204,-1.7
5.208,-1.5
5.212,-1.2
5.216,-1.0
5.22,-0.8
5.224,-0.5
5.228,-0.3
5.232,0.0
5.236,0.2
5.24,0.4
5.244,0.6
5.248,0.9
5.252,1.1
5.256,1.4
5.26,1.6
5.264,1.8
5.268,2.1
5.272,2.2
5.276,2.5
5.28,2.7
5.284,2.9
5.288,3.1
5.292,3.4
5.296,3.6
5.3,3.9
5.304,4.1
5.308,4.4
5.312,4.6
5.316,4.8
5.32,5.1
5.324,5.3
5.328,5.5
5.332,5.7
5.336,6.0
5.34,6.2
5.344,6.4
5.348,6.6
5.352,6.8
5.356,7.1
5.36,7.3
5.364,7.6
5.368,7.8
5.372,8.1
5.376,8.3
5.38,8.5
5.384,8.7
5.388,9.0
5.392,9.2
5.396,9.5
5.4,9.7
5.404,10.0
5.408,10.2
5.412,10.4
5.416,10.5
5.42,10.8
5.424,11.0
5.428,11.2
5.432,11.5
5.436,11.7
5.44,11.9
5.444,12.2
5.448,12.5
5.452,12.7
5.456,12.9
5.46,13.2
5.464,13.4
5.468,13.6
5.472,13.9
5.476,14.1
5.48,14.3
5.484,14.6
5.488,14.7
5.492,14.9
5.496,15.2
5.5,15.4
5.504,15.7
5.508,15.9
5.512,16.1
5.516,16.4
5.52,16.6
5.524,16.9
5.528,17.1
5.532,17.3
5.536,17.6
5.54,17.8
5.544,18.0
5.548,18.2
5.552,18.5
5.556,18.8
5.56,18.9
5.564,19.1
5.568,19.3
5.572,19.6
5.576,19.8
5.58,20.1
5.584,20.3
5.588,20.5
5.592,20.8
5.596,21.0
5.6,21.3
5.604,21.5
5.608,21.7
5.612,22.0
5.616,22.2
5.62,22.4
5.624,22.7
5.628,22.9
5.632,23.0
5.636,23.3
5.64,23.5
5.644,23.8
5.648,24.0
5.652,24.2
5.656,24.4
5.66,24.7
5.664,25.0
5.668,25.2
5.672,25.4
5.676,25.6
5.68,25.9
5.684,26.1
5.688,26.3
5.692,26.6
5.696,26.8
5.7,27.1
5.704,27.2
5.708,27.4
5.712,27.6
5.716,27.9
5.72,28.2
5.724,28.4
5.728,28.6
5.732,28.8
5.736,29.1
5.74,29.3
5.744,29.6
5.748,29.8
5.752,30.0
5.756,30.3
5.76,30.5
5.764,30.7
5.768,31.0
5.772,31.3
5.776,31.3
5.78,31.6
5.784,31.8
5.788,32.1
5.792,32.3
5.796,32.5
5.8,32.8
5.804,33.0
5.808,33.3
5.812,33.5
5.816,33.7
5.82,34.0
5.824,34.2
5.828,34.4
5.832,34.7
5.836,34.9
5.84,35.2
5.844,35.4
5.848,35.5
5.852,35.7
5.856,36.0
5.86,36.2
5.864,36.5
5.868,36.4
5.872,36.2
5.876,36.0
5.88,35.7
5.884,35.5
5.888,35.4
5.892,35.2
5.896,34.9
5.9,34.6
5.904,34.4
5.908,34.2
5.912,34.0
5.916,33.7
5.92,33.5
5.924,33.2
5.928,33.0
5.932,32.8
5.936,32.5
5.94,32.3
5.944,32.0
5.948,31.8
5.952,31.6
5.956,31.4
5.96,31.2
5.964,31.0
5.968,30.7
5.972,30.5
5.976,30.3
5.98,30.0
5.984,29.8
5.988,29.6
5.992,29.3
5.996,29.1
6.0,28.9
6.004,28.6
6.008,28.4
6.012,28.2
6.016,27.9
6.02,27.7
6.024,27.5
6.028,27.2
6.032,27.1
6.036,26.8
6.04,26.6
6.044,26.4
6.048,26.1
6.052,25.9
6.056,25.7
6.06,25.4
6.064,25.2
6.068,25.0
6.072,24.7
6.076,24.5
6.08,24.2
6.084,24.0
6.088,23.8
6.092,23.6
6.096,23.3
6.1,23.1
6.104,22.9
6.108,22.7
6.112,22.5
6.116,22.3
6.12,22.0
6.124,21.8
6.128,21.5
6.132,21.3
6.136,21.1
6.14,20.8
6.144,20.6
6.148,20.3
6.152,20.1
6.156,19.9
6.16,19.7
6.164,19.4
6.168,19.2
6.172,19.0
6.176,18.8
6.18,18.6
6.184,18.3
6.188,18.1
6.192,17.9
6.196,17.6
6.2,17.4
6.204,17.2
6.208,16.9
6.212,16.7
6.216,16.4
6.22,16.2
6.224,16.0
6.228,15.8
6.232,15.5
6.236,15.2
6.24,14.2
6.244,15.2
6.248,14.8
6.252,14.5
6.256,14.2
6.26,13.8
6.264,13.4
6.268,13.0
6.272,12.7
6.276,12.2
6.28,11.9
6.284,11.5
6.288,11.1
6.292,10.7
6.296,10.4
6.3,10.1
6.304,9.7
6.308,9.4
6.312,9.0
6.316,8.6
6.32,8.2
6.324,7.9
6.328,7.5
6.332,7.2
6.336,6.8
6.34,6.5
6.344,6.2
6.348,5.8
6.352,5.5
6.356,5.1
6.36,4.8
6.364,4.5
6.368,4.1
6.372,3.8
6.376,3.5
6.38,3.2
6.384,2.9
6.388,2.5
6.392,2.3
6.396,2.1
6.4,1.7
6.404,1.5
6.408,1.2
6.412,0.9
6.416,0.6
6.42,0.3
6.424,0.1
6.428,-0.2
6.432,-0.5
6.436,-0.7
6.44,-1.0
6.444,-1.2
6.448,-1.5
6.452,-1.7
6.456,-2.0
6.46,-2.1
6.464,-2.3
6.468,-2.6
6.472,-0.6
6.476,-3.0
6.48,-3.2
6.484,-3.4
6.488,-3.7
6.492,-3.8
6.496,-4.1
6.5,-4.3
6.504,-4.5
6.508,-4.6
6.512,-4.8
6.516,-5.0
6.52,-5.2
6.524,-5.4
6.528,-5.5
6.532,-5.7
6.536,-5.9
6.54,-6.0
6.544,-6.2
6.548,-6.2
6.552,-6.4
6.556,-6.5
6.56,-6.6
6.564,-6.7
6.568,-6.8
6.572,-6.9
6.576,-7.0
6.58,-7.1
6.584,-7.2
6.588,-7.3
6.592,-7.4
6.596,-7.4
6.6,-7.5
6.604,-7.6
6.608,-7.6
6.612,-7.6
6.616,-7.7
6.62,-7.8
6.624,-7.8
6.628,-7.8
6.632,-7.9
6.636,-8.0
6.64,-8.0
6.644,-8.0
6.648,-8.0
6.652,-7.9
6.656,-7.8
6.66,-7.8
6.664,-7.8
6.668,-7.7
6.672,-7.7
6.676,-7.6
6.68,-7.6
6.684,-7.5
6.688,-7.4
6.692,-7.4
6.696,-7.3
6.7,-7.2
6.704,-7.1
6.708,-7.0
6.712,-7.0
6.716,-6.9
6.72,-6.8
6.724,-6.6
6.728,-6.6
6.732,-6.4
6.736,-6.2
6.74,-6.2
6.744,-6.1
6.748,-5.9
6.752,-5.8
6.756,-5.6
6.76,-5.4
6.764,-5.3
6.768,-5.0
6.772,-4.9
6.776,-4.7
6.78,-4.5
6.784,-4.3
6.788,-4.1
6.792,-3.9
6.796,-3.7
6.8,-3.5
6.804,-3.3
6.808,-3.0
6.812,-2.8
6.816,-2.6
6.82,-2.3
6.824,-2.1
6.828,-2.0
6.832,-1.8
6.836,-1.5
6.84,-1.2
6.844,-1.0
6.848,-0.7
6.852,-0.5
6.856,-0.2
6.86,0.1
6.864,0.3
6.868,0.6
6.872,0.9
6.876,1.2
6.88,1.4
6.884,1.8
6.888,2.0
6.892,2.3
6.896,2.6
6.9,2.9
6.904,3.2
6.908,3.5
6.912,3.9
6.916,4.2
6.92,4.5
6.924,4.8
6.928,5.2
6.932,5.5
6.936,5.9
6.94,6.2
6.944,6.5
6.948,6.8
6.952,7.2
6.956,7.6
6.96,7.9
6.964,8.3
6.968,8.6
6.972,9.0
6.976,9.4
6.98,9.8
6.984,10.2
6.988,10.5
6.992,10.8
6.996,11.2
7.0,11.6
7.004,12.0
7.008,12.3
7.012,12.7
7.016,13.1
7.02,13.5
7.024,13.9
7.028,14.3
7.032,14.6
7.036,15.0
7.04,15.3
7.044,15.7
7.048,16.1
7.052,16.5
7.056,16.9
7.06,17.2
7.064,17.6
7.068,18.0
7.072,18.4
7.076,18.8
7.08,19.1
7.084,19.4
7.088,19.8
7.092,20.2
7.096,20.5
7.1,20.9
7.104,21.3
7.108,21.6
7.112,22.0
7.116,22.3
7.12,22.7
7.124,22.9
7.128,23.2
7.132,23.6
7.136,23.9
7.14,24.2
7.144,24.6
7.148,24.9
7.152,25.2
7.156,25.6
7.16,25.9
7.164,26.2
7.168,26.5
7.172,26.8
7.176,27.0
7.18,27.3
7.184,27.5
7.188,27.8
7.192,28.1
7.196,28.4
7.2,28.7
7.204,28.9
7.208,29.2
7.212,29.4
7.216,29.7
7.22,29.9
7.224,30.2
7.228,30.5
7.232,30.7
7.236,30.9
7.24,31.1
7.244,31.3
7.248,31.5
7.252,31.7
7.256,32.0
7.26,32.2
7.264,32.4
7.268,32.6
7.272,32.8
7.276,33.0
7.28,33.2
7.284,33.4
7.288,33.6
7.292,33.8
7.296,34.0
7.3,34.2
7.304,34.4
7.308,34.5
7.312,34.7
7.316,34.8
7.32,34.9
7.324,35.1
7.328,35.2
7.332,35.3
7.336,35.4
7.34,35.5
7.344,35.6
7.348,35.6
7.352,35.8
7.356,35.8
7.36,35.9
7.364,36.0
7.368,36.0
7.372,36.1
7.376,36.1
7.38,36.2
7.384,36.3
7.388,36.3
7.392,36.4
7.396,36.5
7.4,36.5
7.404,36.5
7.408,36.6
7.412,36.6
7.416,36.7
7.42,36.6
7.424,36.6
7.428,36.5
7.432,36.5
7.436,36.4
7.44,36.4
7.444,36.3
7.448,36.3
7.452,36.2
7.456,36.2
7.46,36.1
7.464,36.0
7.468,35.9
7.472,35.9
7.476,35.7
7.48,35.7
7.484,35.6
7.488,35.5
7.492,35.4
7.496,35.4
7.5,35.3
7.504,35.2
7.508,35.1
7.512,34.9
7.516,34.8
7.52,34.6
7.524,34.4
7.528,34.3
7.532,34.1
7.536,34.0
7.54,33.7
7.544,33.5
7.548,33.4
7.552,33.1
7.556,33.0
7.56,32.8
7.564,32.6
7.568,32.3
7.572,32.1
7.576,31.9
7.58,31.7
7.584,31.5
7.588,31.3
7.592,31.1
7.596,30.9
7.6,30.6
7.604,30.4
7.608,30.1
7.612,29.9
7.616,29.6
7.62,29.4
7.624,29.1
7.628,28.8
7.632,28.6
7.636,28.3
7.64,28.1
7.644,27.7
7.648,27.5
7.652,27.2
7.656,27.0
7.66,26.7
7.664,26.4
7.668,26.1
7.672,25.8
7.676,25.5
7.68,25.2
7.684,24.8
7.688,24.5
7.692,24.2
7.696,23.9
7.7,23.6
7.704,23.2
7.708,22.9
7.712,22.7
7.716,22.3
7.72,21.9
7.724,21.6
7.728,21.2
7.732,20.9
7.736,20.5
7.74,20.1
7.744,19.8
7.748,19.4
7.752,19.0
7.756,18.8
7.76,18.4
7.764,18.0
7.768,17.6
7.772,17.3
7.776,16.8
7.78,16.5
7.784,16.1
7.788,15.7
7.792,15.4
7.796,15.0
7.8,14.6
7.804,14.3
7.808,13.9
7.812,13.5
7.816,13.2
7.82,12.8
7.824,12.4
7.828,12.0
7.832,11.6
7.836,11.2
7.84,10.9
7.844,10.5
7.848,10.2
7.852,9.8
7.856,9.4
7.86,9.1
7.864,8.7
7.868,8.3
7.872,8.0
7.876,7.6
7.88,7.2
7.884,6.9
7.888,6.6
7.892,6.2
7.896,5.9
7.9,5.6
7.904,5.2
7.908,4.9
7.912,4.6
7.916,4.2
7.92,3.9
7.924,3.6
7.928,3.3
7.932,3.0
7.936,2.7
7.94,2.3
7.944,2.1
7.948,1.9
7.952,1.5
7.956,1.3
7.96,1.0
7.964,0.7
7.968,0.4
7.972,0.1
7.976,-0.1
7.98,-0.4
7.984,-0.7
7.988,-0.9
7.992,-1.2
7.996,-1.4
8.0,-1.6
8.004,-1.9
8.008,-2.1
8.012,-2.3
8.016,-2.5
8.02,-2.7
8.024,-2.9
8.028,-3.1
8.032,-3.4
8.036,-3.6
8.04,-3.8
8.044,-4.0
8.048,-4.2
8.052,-4.4
8.056,-4.6
8.06,-4.7
8.064,-5.0
8.068,-5.2
8.072,-5.3
8.076,-5.5
8.08,-5.7
8.084,-5.8
8.088,-6.0
8.092,-6.2
8.096,-6.2
8.1,-6.4
8.104,-6.5
8.108,-6.6
8.112,-6.7
8.116,-6.8
8.12,-6.9
8.124,-7.0
8.128,-7.0
8.132,-7.2
8.136,-7.2
8.14,-7.3
8.144,-7.4
8.148,-7.4
8.152,-7.5
8.156,-7.6
8.16,-7.7
8.164,-7.7
8.168,-7.8
8.172,-7.8
8.176,-7.8
8.18,-7.9
8.184,-8.0
8.188,-8.0
8.192,-8.0
8.196,-8.0
8.2,-7.9
8.204,-7.9
8.208,-7.8
8.212,-7.8
8.216,-7.8
8.22,-7.7
8.224,-7.6
8.228,-7.6
8.232,-7.5
8.236,-7.5
8.24,-7.4
8.244,-7.3
8.248,-7.3
8.252,-7.2
8.256,-7.1
8.26,-7.0
8.264,-6.9
8.268,-6.8
8.272,-6.7
8.276,-6.6
8.28,-6.5
8.284,-6.4
8.288,-6.2
8.292,-6.1
8.296,-6.0
8.3,-5.8
8.304,-5.7
8.308,-5.5
8.312,-5.3
8.316,-5.1
8.32,-4.9
8.324,-4.7
8.328,-4.5
8.332,-4.3
8.336,-4.2
8.34,-3.9
8.344,-3.7
8.348,-3.5
8.352,-3.3
8.356,-3.1
8.36,-2.9
8.364,-2.7
8.368,-2.4
8.372,-2.2
8.376,-2.0
8.38,-1.8
8.384,-1.6
8.388,-1.3
8.392,-1.1
8.396,-0.8
8.4,-0.6
8.404,-0.3
8.408,0.0
8.412,0.2
8.416,0.5
8.42,0.8
8.424,1.1
8.428,1.3
8.432,1.7
8.436,1.9
8.44,2.1
8.444,2.5
8.448,2.8
8.452,3.1
8.456,3.4
8.46,3.7
8.464,4.1
8.468,4.4
8.472,4.7
8.476,5.0
8.48,5.4
8.484,5.7
8.488,6.1
8.492,6.3
8.496,6.7
8.5,7.1
8.504,7.4
8.508,7.8
8.512,8.2
8.516,8.5
8.52,8.9
8.524,9.3
8.528,9.6
8.532,10.0
8.536,10.4
8.54,10.7
8.544,11.1
8.548,11.4
8.552,11.8
8.556,12.2
8.56,12.6
8.564,13.0
8.568,13.4
8.572,13.8
8.576,14.1
8.58,14.5
8.584,14.8
8.588,15.2
8.592,15.6
8.596,16.0
8.6,16.4
8.604,16.8
8.608,17.1
8.612,17.5
8.616,17.9
8.62,18.3
8.624,18.6
8.628,18.9
8.632,19.3
8.636,19.7
8.64,20.0
8.644,20.4
8.648,20.7
8.652,21.1
8.656,21.5
8.66,21.9
8.664,22.2
8.668,22.5
8.672,22.9
8.676,23.2
8.68,23.5
8.684,23.8
8.688,24.2
8.692,24.5
8.696,24.8
8.7,25.1
8.704,25.4
8.708,25.8
8.712,26.0
8.716,26.4
8.72,26.7
8.724,27.0
8.728,27.1
8.732,27.4
8.736,27.7
8.74,28.0
8.744,28.3
8.748,28.5
8.752,28.8
8.756,29.1
8.76,29.3
8.764,29.6
8.768,29.9
8.772,30.1
8.776,30.3
8.78,30.6
8.784,30.8
8.788,31.1
8.792,31.3
8.796,31.4
8.8,31.7
8.804,31.9
8.808,32.1
8.812,32.4
8.816,32.5
8.82,32.8
8.824,33.0
8.828,33.2
8.832,33.4
8.836,33.5
8.84,33.7
8.844,33.9
8.848,34.1
8.852,34.3
8.856,34.5
8.86,34.6
8.864,34.8
8.868,34.9
8.872,35.0
8.876,35.2
8.88,35.3
8.884,35.4
8.888,35.4
8.892,35.5
8.896,35.6
8.9,35.7
8.904,35.8
8.908,35.9
8.912,36.0
8.916,36.0
8.92,36.1
8.924,36.1
8.928,36.2
8.932,36.3
8.936,36.4
8.94,36.4
8.944,36.4
8.948,36.5
8.952,36.5
8.956,36.6
8.96,36.6
8.964,36.7
8.968,36.6
8.972,36.6
8.976,36.5
8.98,36.5
8.984,36.4
8.988,36.4
8.992,36.3
8.996,36.3
9.0,36.2
9.004,36.1
9.008,36.1
9.012,36.0
9.016,36.0
9.02,35.9
9.024,35.8
9.028,35.7
9.032,35.6
9.036,35.6
9.04,35.5
9.044,35.4
9.048,35.3
9.052,35.2
9.056,35.1
9.06,34.9
9.064,34.8
9.068,34.7
9.072,34.5
9.076,34.4
9.08,34.1
9.084,34.0
9.088,33.8
9.092,33.6
9.096,33.4
9.1,33.2
9.104,33.0
9.108,32.8
9.112,32.6
9.116,32.4
9.12,32.2
9.124,32.0
9.128,31.8
9.132,31.5
9.136,31.3
9.14,31.1
9.144,30.9
9.148,30.7
9.152,30.4
9.156,30.2
9.16,29.9
9.164,29.7
9.168,29.4
9.172,29.2
9.176,28.9
9.18,28.7
9.184,28.4
9.188,28.1
9.192,27.9
9.196,27.6
9.2,27.3
9.204,27.1
9.208,26.8
9.212,26.5
9.216,26.2
9.22,25.9
9.224,25.6
9.228,25.3
9.232,25.0
9.236,24.6
9.24,24.3
9.244,24.0
9.248,23.6
9.252,23.4
9.256,23.0
9.26,22.7
9.264,22.4
9.268,22.0
9.272,21.7
9.276,21.3
9.28,21.0
9.284,20.6
9.288,20.3
9.292,19.9
9.296,19.5
9.3,19.2
9.304,18.8
9.308,18.5
9.312,18.2
9.316,17.8
9.32,17.4
9.324,17.0
9.328,16.6
9.332,16.2
9.336,15.8
9.34,15.5
9.344,15.1
9.348,14.7
9.352,14.4
9.356,14.0
9.36,13.7
9.364,13.3
9.368,12.9
9.372,12.5
9.376,12.1
9.38,11.7
9.384,11.3
9.388,11.0
9.392,10.6
9.396,10.3
9.4,9.9
9.404,9.6
9.408,9.2
9.412,8.8
9.416,8.4
9.42,8.1
9.424,7.8
9.428,7.4
9.432,7.0
9.436,6.7
9.44,6.3
9.444,6.0
9.448,5.7
9.452,5.3
9.456,5.0
9.46,4.7
9.464,4.3
9.468,4.0
9.472,3.7
9.476,3.4
9.48,3.1
9.484,2.8
9.488,2.5
9.492,2.1
9.496,1.9
9.5,1.6
9.504,1.3
9.508,1.1
9.512,0.8
9.516,0.5
9.52,0.2
9.524,0.0
9.528,-0.3
9.532,-0.6
9.536,-0.8
9.54,-1.1
9.544,-1.3
9.548,-1.5
9.552,-1.8
9.556,-2.0
9.56,-2.2
9.564,-2.4
9.568,-2.6
9.572,-2.9
9.576,-3.1
9.58,-3.3
9.584,-3.5
9.588,-3.7
9.592,-3.9
9.596,-4.1
9.6,-4.3
9.604,-4.5
9.608,-4.7
9.612,-4.9
9.616,-5.1
9.62,-5.3
9.624,-5.4
9.628,-5.6
9.632,-5.8
9.636,-5.9
9.64,-6.1
9.644,-6.2
9.648,-6.3
9.652,-6.4
9.656,-6.5
9.66,-6.7
9.664,-6.8
9.668,-6.9
9.672,-7.0
9.676,-7.1
9.68,-7.1
9.684,-7.2
9.688,-7.3
9.692,-7.3
9.696,-7.4
9.7,-7.5
9.704,-7.6
9.708,-7.6
9.712,-7.7
9.716,-7.7
9.72,-7.8
9.724,-7.8
9.728,-7.9
9.732,-7.9
9.736,-8.0
9.74,-8.0
9.744,-8.0
9.748,-8.0
9.752,-7.9
9.756,-7.8
9.76,-7.8
9.764,-7.8
9.768,-7.7
9.772,-7.7
9.776,-7.6
9.78,-7.5
9.784,-7.5
9.788,-7.4
9.792,-7.4
9.796,-7.3
9.8,-7.2
9.804,-7.1
9.808,-7.0
9.812,-6.9
9.816,-6.8
9.82,-6.7
9.824,-6.6
9.828,-6.5
9.832,-6.4
9.836,-6.2
9.84,-6.1
9.844,-6.0
9.848,-5.9
9.852,-5.7
9.856,-5.5
9.86,-5.3
9.864,-5.2
9.868,-5.0
9.872,-4.8
9.876,-4.6
9.88,-4.4
9.884,-4.2
9.888,-4.0
9.892,-3.8
9.896,-3.6
9.9,-3.4
9.904,-3.2
9.908,-2.9
9.912,-2.7
9.916,-2.5
9.92,-2.3
9.924,-2.1
9.928,-1.9
9.932,-1.6
9.936,-1.4
9.94,-1.1
9.944,-0.9
9.948,-0.7
9.952,-0.4
9.956,-0.1
9.96,0.2
9.964,0.4
9.968,0.7
9.972,1.0
9.976,1.3
9.98,1.6
9.984,1.8
9.988,2.1
9.992,2.3
9.996,2.7
10.0,3.0
10.004,3.3
10.008,3.6
10.012,3.9
10.016,4.3
10.02,4.7
10.024,5.0
10.028,5.3
10.032,5.6
10.036,6.0
10.04,6.3
10.044,6.6
10.048,7.0
10.052,7.3
10.056,7.7
10.06,8.0
10.064,8.4
10.068,8.8
10.072,9.2
10.076,9.5
10.08,9.9
10.084,10.3
10.088,10.6
10.092,10.9
10.096,11.3
10.1,11.7
10.104,12.1
10.108,12.5
10.112,12.9
10.116,13.3
10.12,13.6
10.124,14.0
10.128,14.4
10.132,14.7
10.136,15.1
10.14,15.5
10.144,15.9
10.148,16.2
10.152,16.6
10.156,17.0
10.16,17.4
10.164,17.7
10.168,18.1
10.172,18.5
10.176,18.8
10.18,19.2
10.184,19.5
10.188,19.9
10.192,20.3
10.196,20.7
10.2,21.0
10.204,21.4
10.208,21.7
10.212,22.1
10.216,22.5
10.22,22.8
10.224,23.0
10.228,23.4
10.232,23.7
10.236,24.0
10.24,24.4
10.244,24.7
10.248,25.0
10.252,25.3
10.256,25.7
10.26,26.0
10.264,26.3
10.268,26.6
10.272,26.8
10.276,27.1
10.28,27.3
10.284,27.6
10.288,27.9
10.292,28.2
10.296,28.5
10.3,28.7
10.304,29.0
10.308,29.3
10.312,29.5
10.316,29.7
10.32,30.0
10.324,30.3
10.328,30.5
10.332,30.8
10.336,31.0
10.34,31.3
10.344,31.4
10.348,31.6
10.352,31.8
10.356,32.0
10.36,32.3
10.364,32.5
10.368,32.7
10.372,32.9
10.376,33.1
10.38,33.3
10.384,33.5
10.388,33.7
10.392,33.8
10.396,34.0
10.4,34.2
10.404,34.4
10.408,34.6
10.412,34.7
10.416,34.8
10.42,35.0
10.424,35.2
10.428,35.3
10.432,35.4
10.436,35.4
10.44,35.5
10.444,35.6
10.448,35.7
10.452,35.8
10.456,35.9
10.46,35.9
10.464,36.0
10.468,36.1
10.472,36.1
10.476,36.2
10.48,36.2
10.484,36.3
10.488,36.3
10.492,36.4
10.496,36.5
10.5,36.5
10.504,36.5
10.508,36.6
10.512,36.7
10.516,36.7
10.52,36.6
10.524,36.6
10.528,36.5
10.532,36.4
10.536,36.4
10.54,36.3
10.544,36.3
10.548,36.2
10.552,36.2
10.556,36.1
10.56,36.1
10.564,35.9
10.568,35.9
10.572,35.9
10.576,35.8
10.58,35.6
10.584,35.6
10.588,35.5
10.592,35.4
10.596,35.4
10.6,35.3
10.604,35.1
10.608,35.0
10.612,34.9
10.616,34.7
10.62,34.6
10.624,34.4
10.628,34.2
10.632,34.0
10.636,33.9
10.64,33.7
10.644,33.5
10.648,33.3
10.652,33.1
10.656,32.9
10.66,32.7
10.664,32.5
10.668,32.2
10.672,32.1
10.676,31.8
10.68,31.6
10.684,31.3
10.688,31.3
10.692,31.0
10.696,30.8
10.7,30.5
10.704,30.3
10.708,30.0
10.712,29.8
10.716,29.5
10.72,29.3
10.724,29.0
10.728,27.9
10.732,14.2
10.736,14.2
10.74,-7.7
10.744,-7.7
10.748,-7.7
10.752,14.2
10.756,-6.2
10.76,-7.7
10.764,13.8
10.768,12.8
10.772,-7.7
10.776,-7.7
10.78,-6.5
10.784,-6.2
10.788,4.5
10.792,-7.6
10.796,-7.7
10.8,4.4
10.804,-7.7
10.808,-7.7
10.812,-7.7
10.816,-7.7
10.82,-7.7
10.824,-7.7
10.828,-7.7
10.832,-7.7
10.836,-7.7
10.84,-7.7
10.844,-7.7
10.848,-7.7
10.852,-7.7
10.856,-7.7
10.86,-7.7
10.864,-7.7
10.868,-7.7
10.872,-7.7
10.876,-7.7
10.88,-7.7
10.884,-7.7
10.888,-7.7
10.892,-7.6
10.896,-7.7
10.9,-7.7
10.904,-7.7
10.908,-7.6
10.912,-7.7
10.916,-7.6
10.92,-7.7
10.924,-7.7
10.928,-7.7
10.932,-7.7
10.936,-7.7
10.94,-7.7
10.944,-7.7
10.948,-7.7
10.952,-7.7
10.956,-7.7
10.96,-7.7
10.964,13.2
10.968,13.3
10.972,14.3
10.976,-7.7
10.98,-7.7
10.984,-7.7
10.988,-7.7
10.992,-7.7
10.996,-7.7
11.0,-7.7
11.004,-7.7
11.008,-7.7
11.012,-7.7
11.016,-7.7
11.02,-7.7
11.024,-7.7
11.028,-7.7
11.032,-7.7
11.036,-7.7
11.04,-7.7
11.044,-7.7
11.048,-7.7
11.052,-7.7
11.056,-7.7
11.06,-7.7
11.064,-7.7
11.068,-7.6
11.072,-7.7
11.076,-7.6
11.08,-7.7
11.084,-7.7
11.088,-7.7
11.092,-7.7
11.096,-7.6
11.1,-7.7
11.104,-7.6
11.108,-7.7
11.112,-7.6
11.116,-7.7
11.12,-7.7
11.124,-7.7
11.128,-7.7
11.132,-7.7
11.136,-7.7
11.14,-7.6
11.144,-7.7
11.148,-7.7
11.152,-7.7
11.156,-7.7
11.16,-7.7
11.164,-7.7
11.168,-7.7
11.172,-7.7
11.176,-7.7
11.18,-7.7
11.184,-7.7
11.188,-7.7
11.192,-7.7
11.196,-7.7
11.2,-7.7
11.204,-7.7
11.208,-7.7
11.212,-7.6
11.216,-7.7
11.22,-7.7
11.224,-7.7
11.228,-7.7
11.232,-7.7
11.236,-7.7
11.24,-7.7
11.244,-7.7
11.248,-7.7
11.252,-7.6
11.256,-7.7
11.26,-7.7
11.264,-7.7
11.268,-7.7
11.272,-7.7
11.276,-7.7
11.28,-7.6
11.284,-7.6
11.288,-7.7
11.292,36.0
11.296,36.1
11.3,36.1
11.304,36.1
11.308,36.1
11.312,36.1
11.316,36.1
11.32,36.1
11.324,36.1
11.328,36.1
11.332,36.1
11.336,36.1
11.34,36.1
11.344,36.1
11.348,36.1
11.352,36.1
11.356,36.1
11.36,36.1
11.364,36.1
11.368,36.1
11.372,36.1
11.376,36.1
11.38,36.1
11.384,36.1
11.388,36.1
11.392,36.1
11.396,36.1
11.4,36.1
11.404,36.1
11.408,36.1
11.412,36.1
11.416,36.1
11.42,36.1
11.424,36.1
11.428,36.1
11.432,36.1
11.436,36.1
11.44,36.1
11.444,36.1
11.448,36.1
11.452,36.1
11.456,36.1
11.46,36.1
11.464,36.1
11.468,36.1
11.472,36.1
11.476,36.1
11.48,36.1
11.484,36.1
11.488,36.1
11.492,36.1
11.496,36.1
11.5,36.1
11.504,36.1
11.508,36.1
11.512,36.1
11.516,36.1
11.52,36.1
11.524,36.1
11.528,36.1
11.532,36.1
11.536,36.1
11.54,36.1
11.544,36.1
11.548,36.1
11.552,36.1
11.556,36.1
11.56,36.1
11.564,36.1
11.568,36.1
11.572,36.1
11.576,36.1
11.58,36.1
11.584,36.1
11.588,36.1
11.592,36.1
11.596,36.1
11.6,36.1
11.604,36.1
11.608,36.1
11.612,36.1
11.616,36.1
11.62,36.1
11.624,36.1
11.628,36.1
11.632,36.1
11.636,36.1
11.64,36.1
11.644,36.1
11.648,36.1
11.652,36.1
11.656,36.1
11.66,36.1
11.664,36.1
11.668,36.1
11.672,36.1
11.676,36.1
11.68,36.1
11.684,36.1
11.688,36.1
11.692,36.1
11.696,36.1
11.7,36.1
11.704,36.1
11.708,36.1
11.712,36.1
11.716,36.1
11.72,36.1
11.724,36.1
11.728,36.1
11.732,36.1
11.736,36.1
11.74,36.1
11.744,36.1
11.748,36.1
11.752,36.1
11.756,36.1
11.76,36.1
11.764,36.1
11.768,36.1
11.772,36.1
11.776,36.1
11.78,36.1
11.784,36.1
11.788,36.1
11.792,36.1
11.796,36.1
11.8,36.1
11.804,36.1
11.808,36.1
11.812,36.1
11.816,36.1
11.82,36.1
11.824,36.1
11.828,36.1
11.832,36.1
11.836,36.1
11.84,36.1
11.844,36.1
11.848,36.1
11.852,36.1
11.856,36.1
11.86,36.1
11.864,36.1
11.868,36.1
11.872,36.1
11.876,36.1
11.88,36.1
11.884,36.1
11.888,36.1
11.892,36.1
11.896,36.1
11.9,36.1
11.904,36.1
11.908,36.1
11.912,36.1
11.916,36.1
11.92,36.1
11.924,36.1
11.928,36.1
11.932,36.1
11.936,36.1
11.94,36.1
11.944,36.1
11.948,36.1
11.952,36.1
11.956,36.1
11.96,36.1
11.964,36.1
11.968,36.1
11.972,36.1
11.976,36.1
11.98,36.1
11.984,36.1
11.988,36.1
11.992,36.1
11.996,36.1
12.0,36.1
12.004,36.1
12.008,36.1
12.012,36.1
12.016,36.1
12.02,36.1
12.024,36.1
12.028,36.1
12.032,36.1
12.036,36.1
12.04,36.1
12.044,36.1
12.048,36.1
12.052,36.1
12.056,36.1
12.06,36.1
12.064,-7.6
12.068,-7.6
12.072,-7.6
12.076,-7.7
12.08,-7.7
12.084,-7.7
12.088,-7.7
12.092,-7.7
12.096,-7.7
12.1,-7.7
12.104,-7.7
12.108,-7.7
12.112,-7.7
12.116,-7.7
12.12,-7.7
12.124,-7.7
12.128,-7.7
12.132,-7.7
12.136,-7.7
12.14,-7.7
12.144,-7.7
12.148,-7.7
12.152,-7.7
12.156,-7.7
12.16,-7.7
12.164,-7.7
12.168,-7.7
12.172,-7.7
12.176,-7.7
12.18,-7.6
12.184,-7.7
12.188,-7.7
12.192,-7.6
12.196,-7.7
12.2,-7.7
12.204,-7.7
12.208,-7.7
12.212,-7.7
12.216,-7.7
12.22,-7.7
12.224,-7.7
12.228,-7.7
12.232,-7.7
12.236,-7.7
12.24,-7.7
12.244,-7.7
12.248,-7.7
12.252,-7.7
12.256,-7.7
12.26,-7.7
12.264,-7.7
12.268,-7.7
12.272,-7.7
12.276,-7.7
12.28,-7.7
12.284,-7.7
12.288,-7.7
12.292,-7.7
12.296,-7.7
12.3,-7.7
12.304,-7.7
12.308,-7.7
12.312,-7.7
12.316,-7.7
12.32,-7.7
12.324,-7.7
12.328,-7.7
12.332,-7.7
12.336,-7.7
12.34,-7.7
12.344,-7.7
12.348,-7.7
12.352,-7.7
12.356,-7.7
12.36,-7.7
12.364,-7.7
12.368,-7.6
12.372,-7.7
12.376,-7.7
12.38,-7.7
12.384,-7.7
12.388,-7.6
12.392,-7.7
12.396,-7.7
12.4,-7.7
12.404,-7.7
12.408,-7.7
12.412,-7.7
12.416,-7.7
12.42,-7.6
12.424,-7.7
12.428,-7.6
12.432,-7.7
12.436,-7.7
12.44,-7.6
12.444,-7.7
12.448,-7.6
12.452,-7.7
12.456,-7.7
12.46,-7.7
12.464,-7.7
12.468,-7.7
12.472,-7.7
12.476,-7.7
12.48,-7.7
12.484,-7.7
12.488,-7.7
12.492,-7.7
12.496,-7.6
12.5,-7.7
12.504,-7.7
12.508,-7.6
12.512,-7.7
12.516,-7.7
12.52,-7.6
12.524,-7.7
12.528,-7.7
12.532,-7.7
12.536,-7.7
12.54,-7.7
12.544,-7.7
12.548,-7.7
12.552,-7.6
12.556,-7.7
12.56,-7.7
12.564,-7.7
12.568,-7.6
12.572,-7.6
12.576,-7.7
12.58,-7.7
12.584,-7.7
12.588,-7.7
12.592,-7.6
12.596,-7.7
12.6,-7.7
12.604,-7.7
12.608,-7.7
12.612,-7.7
12.616,-7.7
12.62,-7.6
12.624,-7.7
12.628,-7.7
12.632,-7.6
12.636,-7.7
12.64,-7.6
12.644,-7.7
12.648,-7.7
12.652,-7.7
12.656,-7.7
12.66,-7.7
12.664,-7.7
12.668,-7.7
12.672,-7.6
12.676,-7.7
12.68,-7.7
12.684,-7.7
12.688,-7.7
12.692,-7.6
12.696,-7.7
12.7,-7.7
12.704,-7.7
12.708,-7.7
12.712,-7.7
12.716,-7.6
12.72,-7.7
12.724,-7.7
12.728,-7.7
12.732,-7.7
12.736,-7.7
12.74,-7.6
12.744,-7.7
12.748,-7.7
12.752,-7.6
12.756,-7.7
12.76,-7.7
12.764,-7.7
12.768,-7.6
12.772,-7.6
12.776,-7.7
12.78,-7.7
12.784,-7.7
12.788,-7.7
12.792,-7.7
12.796,-7.7
12.8,-7.7
12.804,-7.6
12.808,-7.6
12.812,-7.6
12.816,-7.7
12.82,-7.7
12.824,-7.7
12.828,-7.7
12.832,-7.6
12.836,-7.7
12.84,-7.7
12.844,36.1
12.848,36.1
12.852,36.1
12.856,36.1
12.86,36.1
12.864,36.1
12.868,36.1
12.872,36.1
12.876,36.1
12.88,36.1
12.884,36.1
12.888,36.1
12.892,36.1
12.896,36.1
12.9,36.1
12.904,36.1
12.908,36.1
12.912,36.1
12.916,36.1
12.92,36.1
12.924,36.1
12.928,36.1
12.932,36.1
12.936,36.1
12.94,36.1
12.944,36.1
12.948,36.1
12.952,36.1
12.956,36.1
12.96,36.1
12.964,36.1
12.968,36.1
12.972,36.1
12.976,36.1
12.98,36.1
12.984,36.1
12.988,36.1
12.992,36.1
12.996,36.1
13.0,36.1
13.004,36.1
13.008,36.1
13.012,36.1
13.016,36.1
13.02,36.1
13.024,36.1
13.028,36.1
13.032,36.1
13.036,36.1
13.04,36.1
13.044,36.1
13.048,36.1
13.052,36.1
13.056,36.1
13.06,36.1
13.064,36.1
13.068,36.1
13.072,36.1
13.076,36.1
13.08,36.1
13.084,36.1
13.088,36.1
13.092,36.1
13.096,36.1
13.1,36.1
13.104,36.1
13.108,36.1
13.112,36.1
13.116,36.1
13.12,36.1
13.124,36.1
13.128,36.1
13.132,36.1
13.136,36.1
13.14,36.1
13.144,36.1
13.148,36.1
13.152,36.1
13.156,36.1
13.16,36.1
13.164,36.1
13.168,36.1
13.172,36.1
13.176,36.1
13.18,36.1
13.184,36.1
13.188,36.1
13.192,36.1
13.196,36.1
13.2,36.1
13.204,36.1
13.208,36.1
13.212,36.1
13.216,36.1
13.22,36.1
13.224,36.1
13.228,36.1
13.232,36.1
13.236,36.1
13.24,36.1
13.244,36.1
13.248,36.1
13.252,36.1
13.256,36.1
13.26,36.1
13.264,36.1
13.268,36.1
13.272,36.1
13.276,36.1
13.28,36.1
13.284,36.1
13.288,36.1
13.292,36.1
13.296,36.1
13.3,36.1
13.304,36.1
13.308,36.1
13.312,36.1
13.316,36.1
13.32,36.1
13.324,36.1
13.328,36.1
13.332,36.1
13.336,36.1
13.34,36.1
13.344,36.1
13.348,36.1
13.352,36.1
13.356,36.1
13.36,36.1
13.364,36.1
13.368,36.1
13.372,36.1
13.376,36.1
13.38,36.1
13.384,36.1
13.388,36.1
13.392,36.1
13.396,36.1
13.4,36.1
13.404,36.1
13.408,36.1
13.412,36.1
13.416,36.1
13.42,36.1
13.424,36.1
13.428,36.1
13.432,36.1
13.436,36.1
13.44,36.1
13.444,36.1
13.448,36.1
13.452,36.1
13.456,36.1
13.46,36.1
13.464,36.1
13.468,36.1
13.472,36.1
13.476,36.1
13.48,36.1
13.484,36.1
13.488,36.1
13.492,36.1
13.496,36.1
13.5,36.1
13.504,36.1
13.508,36.1
13.512,36.1
13.516,36.1
13.52,36.1
13.524,36.1
13.528,36.1
13.532,36.1
13.536,36.1
13.54,36.1
13.544,36.1
13.548,36.1
13.552,36.1
13.556,36.1
13.56,36.1
13.564,36.1
13.568,36.1
13.572,36.1
13.576,36.1
13.58,36.1
13.584,36.1
13.588,36.1
13.592,36.1
13.596,36.1
13.6,36.1
13.604,36.1
13.608,36.1
13.612,36.1
13.616,-7.6
13.62,-7.7
13.624,-7.7
13.628,-7.6
13.632,-7.7
13.636,-7.6
13.64,-7.7
13.644,-7.6
13.648,-7.7
13.652,-7.7
13.656,-7.7
13.66,-7.7
13.664,-7.7
13.668,-7.7
13.672,-7.7
13.676,-7.7
13.68,-7.7
13.684,-7.7
13.688,-7.7
13.692,-7.7
13.696,-7.7
13.7,-7.7
13.704,-7.7
13.708,-7.7
13.712,-7.7
13.716,-7.7
13.72,-7.7
13.724,-7.7
13.728,-7.7
13.732,-7.7
13.736,-7.7
13.74,-7.7
13.744,-7.7
13.748,-7.7
13.752,-7.7
13.756,-7.7
13.76,-7.7
13.764,-7.7
13.768,-7.7
13.772,-7.7
13.776,-7.7
13.78,-7.7
13.784,-7.7
13.788,-7.7
13.792,-7.7
13.796,-7.7
13.8,-7.7
13.804,-7.7
13.808,-7.7
13.812,-7.7
13.816,-7.7
13.82,-7.7
13.824,-7.7
13.828,-7.6
13.832,-7.7
13.836,-7.7
13.84,-7.7
13.844,-7.7
13.848,-7.6
13.852,-7.7
13.856,-7.7
13.86,-7.7
13.864,-7.7
13.868,-7.7
13.872,-7.7
13.876,-7.7
13.88,-7.7
13.884,-7.7
13.888,-7.7
13.892,-7.7
13.896,-7.7
13.9,-7.7
13.904,-7.7
13.908,-7.7
13.912,-7.7
13.916,-7.7
13.92,-7.7
13.924,-7.7
13.928,-7.7
13.932,-7.7
13.936,-7.7
13.94,-7.7
13.944,-7.7
13.948,-7.7
13.952,-7.7
13.956,-7.7
13.96,-7.7
13.964,-7.7
13.968,-7.7
13.972,-7.7
13.976,-7.7
13.98,-7.7
13.984,-7.7
13.988,-7.7
13.992,-7.6
13.996,-7.7
14.0,-7.7
14.004,-7.7
14.008,-7.7
14.012,-7.7
14.016,-7.7
14.02,-7.7
14.024,-7.7
14.028,-7.7
14.032,-7.7
14.036,-7.6
14.04,-7.7
14.044,-7.7
14.048,-7.7
14.052,-7.7
14.056,-7.7
14.06,-7.7
14.064,-7.7
14.068,-7.7
14.072,-7.7
14.076,-7.6
14.08,-7.7
14.084,-7.7
14.088,-7.7
14.092,-7.7
14.096,-7.6
14.1,-7.7
14.104,-7.7
14.108,-7.7
14.112,-7.7
14.116,-7.7
14.12,-7.7
14.124,-7.7
14.128,-7.7
14.132,-7.7
14.136,-7.7
14.14,-7.7
14.144,-7.7
14.148,-7.6
14.152,-7.7
14.156,-7.7
14.16,-7.7
14.164,-7.7
14.168,-7.6
14.172,-7.7
14.176,-7.7
14.18,-7.7
14.184,-7.7
14.188,-7.7
14.192,-7.7
14.196,-7.6
14.2,-7.7
14.204,-7.7
14.208,-7.7
14.212,-7.6
14.216,-7.7
14.22,-7.7
14.224,-7.7
14.228,-7.7
14.232,-7.7
14.236,-7.7
14.24,-7.7
14.244,-7.7
14.248,-7.7
14.252,-7.7
14.256,-7.7
14.26,-7.7
14.264,-7.7
14.268,-7.7
14.272,-7.7
14.276,-7.7
14.28,-7.7
14.284,-7.7
14.288,-7.7
14.292,-7.7
14.296,-7.7
14.3,-7.7
14.304,-7.7
14.308,-7.7
14.312,-7.7
14.316,-7.7
14.32,-7.7
14.324,-7.7
14.328,-7.7
14.332,-7.7
14.336,-7.7
14.34,-7.7
14.344,-7.6
14.348,-7.7
14.352,-7.7
14.356,-7.7
14.36,-7.7
14.364,-7.7
14.368,-7.7
14.372,-7.7
14.376,-7.7
14.38,-7.7
14.384,-7.7
14.388,-7.7
14.392,36.1
14.396,36.1
14.4,36.1
14.404,36.1
14.408,36.1
14.412,36.1
14.416,36.1
14.42,36.1
14.424,36.1
14.428,36.1
14.432,36.1
14.436,36.1
14.44,36.1
14.444,36.1
14.448,36.1
14.452,36.1
14.456,36.1
14.46,36.1
14.464,36.1
14.468,36.1
14.472,36.1
14.476,36.1
14.48,36.1
14.484,36.1
14.488,36.1
14.492,36.1
14.496,36.1
14.5,36.1
14.504,36.1
14.508,36.1
14.512,36.1
14.516,36.1
14.52,36.1
14.524,36.1
14.528,36.1
14.532,36.1
14.536,36.1
14.54,36.1
14.544,36.1
14.548,36.1
14.552,36.1
14.556,36.1
14.56,36.1
14.564,36.1
14.568,36.1
14.572,36.1
14.576,36.1
14.58,36.1
14.584,36.1
14.588,36.1
14.592,36.1
14.596,36.1
14.6,36.1
14.604,36.1
14.608,36.1
14.612,36.1
14.616,36.1
14.62,36.1
14.624,36.1
14.628,36.1
14.632,36.1
14.636,36.1
14.64,36.1
14.644,36.1
14.648,36.1
14.652,36.1
14.656,36.1
14.66,36.1
14.664,36.1
14.668,36.1
14.672,36.1
14.676,36.1
14.68,36.1
14.684,36.1
14.688,36.1
14.692,36.1
14.696,36.1
14.7,36.1
14.704,36.1
14.708,36.1
14.712,36.1
14.716,36.1
14.72,36.1
14.724,36.1
14.728,36.1
14.732,36.1
14.736,36.1
14.74,36.1
14.744,36.1
14.748,36.1
14.752,36.1
14.756,36.1
14.76,36.1
14.764,36.1
14.768,36.1
14.772,36.1
14.776,36.1
14.78,36.1
14.784,36.1
14.788,36.1
14.792,36.1
14.796,36.1
14.8,36.1
14.804,36.1
14.808,36.1
14.812,36.1
14.816,36.1
14.82,36.1
14.824,36.1
14.828,36.1
14.832,36.1
14.836,36.1
14.84,36.1
14.844,36.1
14.848,36.1
14.852,36.1
14.856,36.1
14.86,36.1
14.864,36.1
14.868,36.1
14.872,36.1
14.876,36.1
14.88,36.1
14.884,36.1
14.888,36.1
14.892,36.1
14.896,36.1
14.9,36.1
14.904,36.1
14.908,36.1
14.912,36.1
14.916,36.1
14.92,36.1
14.924,36.1
14.928,36.1
14.932,36.1
14.936,36.1
14.94,36.1
14.944,36.1
14.948,36.1
14.952,36.1
14.956,36.1
14.96,36.1
14.964,36.1
14.968,36.1
14.972,36.1
14.976,36.1
14.98,36.1
14.984,36.1
14.988,36.1
14.992,36.1
14.996,36.1
15.0,36.1
15.004,36.1
15.008,36.1
15.012,36.1
15.016,36.1
15.02,36.1
15.024,36.1
15.028,36.1
15.032,36.1
15.036,36.1
15.04,36.1
15.044,36.1
15.048,36.1
15.052,36.1
15.056,36.1
15.06,36.1
15.064,36.1
15.068,36.1
15.072,36.1
15.076,36.1
15.08,36.1
15.084,36.1
15.088,36.1
15.092,36.1
15.096,36.1
15.1,36.1
15.104,36.1
15.108,36.1
15.112,36.1
15.116,36.1
15.12,36.1
15.124,36.1
15.128,36.1
15.132,36.1
15.136,36.1
15.14,36.1
15.144,36.1
15.148,36.1
15.152,36.1
15.156,36.1
15.16,36.1
15.164,-7.6
15.168,-7.6
15.172,-7.7
15.176,-7.7
15.18,-7.7
15.184,-7.7
15.188,-7.6
15.192,-7.7
15.196,-7.7
15.2,-7.7
15.204,-7.7
15.208,-7.7
15.212,-7.7
15.216,-7.7
15.22,-7.7
15.224,-7.6
15.228,-7.7
15.232,-7.7
15.236,-7.7
15.24,-7.7
15.244,-7.7
15.248,-7.7
15.252,-7.7
15.256,-7.7
15.26,-7.7
15.264,-7.6
15.268,-7.7
15.272,-7.6
15.276,-7.7
15.28,-7.7
15.284,-7.7
15.288,-7.7
15.292,-7.7
15.296,-7.7
15.3,-7.6
15.304,-7.7
15.308,-7.7
15.312,-7.7
15.316,-7.7
15.32,-7.7
15.324,-7.7
15.328,-7.7
15.332,-7.7
15.336,-7.7
15.34,-7.6
15.344,-7.7
15.348,-7.7
15.352,-7.7
15.356,-7.7
15.36,-7.7
15.364,-7.6
15.368,-7.7
15.372,-7.7
15.376,-7.7
15.38,-7.7
15.384,-7.7
15.388,-7.7
15.392,-7.7
15.396,-7.7
15.4,-7.7
15.404,-7.6
15.408,-7.7
15.412,-7.7
15.416,-7.7
15.42,-7.7
15.424,-7.7
15.428,-7.7
15.432,-7.6
15.436,-7.7
15.44,-7.7
15.444,-7.6
15.448,-7.7
15.452,-7.6
15.456,-7.7
15.46,-7.7
15.464,-7.7
15.468,-7.7
15.472,-7.7
15.476,-7.7
15.48,-7.7
15.484,-7.6
15.488,-7.7
15.492,-7.7
15.496,-7.7
15.5,-7.7
15.504,-7.7
15.508,-7.7
15.512,-7.7
15.516,-7.7
15.52,-7.6
15.524,-7.7
15.528,-7.7
15.532,-7.7
15.536,-7.7
15.54,-7.7
15.544,-7.7
15.548,-7.6
15.552,-7.7
15.556,-7.7
15.56,-7.7
15.564,-7.7
15.568,-7.6
15.572,-7.7
15.576,-7.6
15.58,-7.7
15.584,-7.7
15.588,-7.7
15.592,-7.7
15.596,-7.6
15.6,-7.7
15.604,-7.7
15.608,-7.7
15.612,-7.7
15.616,-7.7
15.62,-7.7
15.624,-7.7
15.628,-7.6
15.632,-7.7
15.636,-7.7
15.64,-7.7
15.644,-7.7
15.648,-7.7
15.652,-7.7
15.656,-7.7
15.66,-7.7
15.664,-7.6
15.668,-7.7
15.672,-7.7
15.676,-7.7
15.68,-7.7
15.684,-7.7
15.688,-7.7
15.692,-7.7
15.696,-7.7
15.7,-7.7
15.704,-7.6
15.708,-7.7
15.712,-7.7
15.716,-7.7
15.72,-7.7
15.724,-7.7
15.728,-7.7
15.732,-7.7
15.736,-7.7
15.74,-7.6
15.744,-7.7
15.748,-7.6
15.752,-7.6
15.756,-7.7
15.76,-7.7
15.764,-7.7
15.768,-7.7
15.772,-7.7
15.776,-7.7
15.78,-7.7
15.784,-7.7
15.788,-7.6
15.792,-7.7
15.796,-7.7
15.8,-7.7
15.804,-7.7
15.808,-7.7
15.812,-7.7
15.816,-7.7
15.82,-7.7
15.824,-7.7
15.828,-7.6
15.832,-7.7
15.836,-7.6
15.84,-7.7
15.844,-7.7
15.848,-7.7
15.852,-7.7
15.856,-7.7
15.86,-7.7
15.864,-7.7
15.868,-7.7
15.872,-7.7
15.876,-7.6
15.88,-7.7
15.884,-7.7
15.888,-7.7
15.892,-7.7
15.896,-7.6
15.9,-7.7
15.904,-7.7
15.908,-7.7
15.912,-7.7
15.916,-7.7
15.92,-7.7
15.924,-7.7
15.928,-7.7
15.932,-7.7
15.936,-7.6
15.94,36.1
15.944,36.1
15.948,36.1
15.952,36.1
15.956,36.1
15.96,36.1
15.964,36.1
15.968,36.1
15.972,36.1
15.976,36.1
15.98,36.1
15.984,36.1
15.988,36.1
15.992,36.1
15.996,36.1
16.0,36.1
16.004,36.1
16.008,36.1
16.012,36.1
16.016,36.1
16.02,36.1
16.024,36.1
16.028,36.1
16.032,36.1
16.036,36.1
16.04,36.1
16.044,36.1
16.048,36.1
16.052,36.1
16.056,36.1
16.06,36.1
16.064,36.1
16.068,36.1
16.072,36.1
16.076,36.1
16.08,36.1
16.084,36.1
16.088,36.1
16.092,36.1
16.096,36.1
16.1,36.1
16.104,36.1
16.108,36.1
16.112,36.1
16.116,36.1
16.12,36.1
16.124,36.1
16.128,36.1
16.132,36.1
16.136,36.1
16.14,36.1
16.144,36.1
16.148,36.1
16.152,36.1
16.156,36.1
16.16,36.1
16.164,36.1
16.168,36.1
16.172,36.1
16.176,36.1
16.18,36.1
16.184,36.1
16.188,36.1
16.192,36.1
16.196,36.1
16.2,36.1
16.204,36.1
16.208,36.1
16.212,36.1
16.216,36.1
16.22,36.1
16.224,36.1
16.228,36.1
16.232,36.1
16.236,36.1
16.24,36.1
16.244,36.1
16.248,36.1
16.252,36.1
16.256,36.1
16.26,36.1
16.264,36.1
16.268,36.1
16.272,36.1
16.276,36.1
16.28,36.1
16.284,36.1
16.288,36.1
16.292,36.1
16.296,36.1
16.3,36.1
16.304,36.1
16.308,36.1
16.312,36.1
16.316,36.1
16.32,36.1
16.324,36.1
16.328,36.1
16.332,36.1
16.336,36.1
16.34,36.1
16.344,36.1
16.348,36.1
16.352,36.1
16.356,36.1
16.36,36.1
16.364,36.1
16.368,36.1
16.372,36.1
16.376,36.1
16.38,36.1
16.384,36.1
16.388,36.1
16.392,36.1
16.396,36.1
16.4,36.1
16.404,36.1
16.408,36.1
16.412,36.1
16.416,36.1
16.42,36.1
16.424,36.1
16.428,36.1
16.432,36.1
16.436,36.1
16.44,36.1
16.444,36.1
16.448,36.1
16.452,36.1
16.456,36.1
16.46,36.1
16.464,36.1
16.468,36.1
16.472,36.1
16.476,36.1
16.48,36.1
16.484,36.1
16.488,36.1
16.492,36.1
16.496,36.1
16.5,36.1
16.504,36.1
16.508,36.1
16.512,36.1
16.516,36.1
16.52,36.1
16.524,36.1
16.528,36.1
16.532,36.1
16.536,36.1
16.54,36.1
16.544,36.1
16.548,36.1
16.552,36.1
16.556,36.1
16.56,36.1
16.564,36.1
16.568,36.1
16.572,36.1
16.576,36.1
16.58,36.1
16.584,36.1
16.588,36.1
16.592,36.1
16.596,36.1
16.6,36.1
16.604,36.1
16.608,36.1
16.612,36.1
16.616,36.1
16.62,36.1
16.624,36.1
16.628,36.1
16.632,36.1
16.636,36.1
16.64,36.1
16.644,36.1
16.648,36.1
16.652,36.1
16.656,36.1
16.66,36.1
16.664,36.1
16.668,36.1
16.672,36.1
16.676,36.1
16.68,36.1
16.684,36.2
16.688,36.1
16.692,36.1
16.696,36.1
16.7,36.1
16.704,36.1
16.708,36.1
16.712,-7.6
16.716,-7.7
16.72,-7.6
16.724,-7.7
16.728,-7.6
16.732,-7.7
16.736,-7.6
16.74,-7.7
16.744,-7.7
16.748,-7.7
16.752,-7.7
16.756,-7.6
16.76,-7.7
16.764,-7.7
16.768,-7.7
16.772,-7.6
16.776,-7.7
16.78,-7.7
16.784,-7.7
16.788,-7.6
16.792,-7.7
16.796,-7.6
16.8,-7.7
16.804,-7.7
16.808,-7.7
16.812,-7.7
16.816,-7.7
16.82,-7.7
16.824,-7.7
16.828,-7.6
16.832,-7.7
16.836,-7.7
16.84,-7.6
16.844,-7.7
16.848,-7.7
16.852,-7.7
16.856,-7.7
16.86,-7.7
16.864,-7.7
16.868,-7.7
16.872,-7.7
16.876,-7.6
16.88,-7.7
16.884,-7.6
16.888,-7.7
16.892,-7.6
16.896,-7.6
16.9,-7.7
16.904,-7.6
16.908,-7.7
16.912,-7.7
16.916,-7.7
16.92,-7.7
16.924,-7.7
16.928,-7.7
16.932,-7.7
16.936,-7.7
16.94,-7.7
16.944,-7.6
16.948,-7.7
16.952,-7.7
16.956,-7.7
16.96,-7.7
16.964,-7.7
16.968,-7.6
16.972,-7.6
16.976,-7.7
16.98,-7.7
16.984,-7.7
16.988,-7.7
16.992,-7.7
16.996,-7.7
17.0,-7.6
17.004,-7.7
17.008,-7.7
17.012,-7.6
17.016,-7.7
17.02,-7.6
17.024,-7.7
17.028,-7.7
17.032,-7.7
17.036,-7.7
17.04,-7.7
17.044,-7.7
17.048,-7.7
17.052,-7.6
17.056,-7.7
17.06,-7.6
17.064,-7.7
17.068,-7.6
17.072,-7.7
17.076,-7.7
17.08,-7.7
17.084,-7.7
17.088,-7.7
17.092,-7.7
17.096,-7.7
17.1,-7.6
17.104,-7.6
17.108,-7.6
17.112,-7.7
17.116,-7.6
17.12,-7.6
17.124,-7.6
17.128,-7.7
17.132,-7.7
17.136,-7.7
17.14,-7.7
17.144,-7.7
17.148,-7.7
17.152,-7.7
17.156,-7.6
17.16,-7.7
17.164,-7.6
17.168,-7.6
17.172,-7.7
17.176,-7.7
17.18,-7.7
17.184,-7.7
17.188,-7.7
17.192,-7.6
17.196,-7.7
17.2,-7.7
17.204,-7.6
17.208,-7.6
17.212,-7.7
17.216,-7.7
17.22,-7.7
17.224,-7.6
17.228,-7.6
17.232,-7.7
17.236,-7.7
17.24,-7.7
17.244,-7.7
17.248,-7.7
17.252,-7.7
17.256,-7.6
17.26,-7.6
17.264,-7.7
17.268,-7.7
17.272,-7.6
17.276,-7.7
17.28,-7.6
17.284,-7.7
17.288,-7.7
17.292,-7.6
17.296,-7.6
17.3,-7.6
17.304,-7.7
17.308,-7.7
17.312,-7.6
17.316,-7.7
17.32,-7.6
17.324,-7.7
17.328,-7.7
17.332,-7.7
17.336,-7.7
17.34,-7.7
17.344,-7.6
17.348,-7.7
17.352,-7.6
17.356,-7.7
17.36,-7.7
17.364,-7.6
17.368,-7.7
17.372,-7.7
17.376,-7.6
17.38,-7.7
17.384,-7.7
17.388,-7.6
17.392,-7.7
17.396,-7.6
17.4,-7.7
17.404,-7.7
17.408,-7.6
17.412,-7.7
17.416,-7.6
17.42,-7.7
17.424,-7.7
17.428,-7.7
17.432,-7.7
17.436,-7.7
17.44,-7.7
17.444,-7.7
17.448,-7.7
17.452,-7.6
17.456,-7.6
17.46,-7.7
17.464,-7.7
17.468,-7.6
17.472,-7.6
17.476,-7.7
17.48,-7.7
17.484,-7.7
17.488,-7.7
17.492,36.1
17.496,36.1
17.5,36.1
17.504,36.1
17.508,36.1
17.512,36.1
17.516,36.1
17.52,36.1
17.524,36.1
17.528,36.1
17.532,36.1
17.536,36.1
17.54,36.1
17.544,36.1
17.548,36.1
17.552,36.1
17.556,36.1
17.56,36.1
17.564,36.1
17.568,36.1
17.572,36.1
17.576,36.1
17.58,36.1
17.584,36.1
17.588,36.1
17.592,36.1
17.596,36.1
17.6,36.1
17.604,36.1
17.608,36.1
17.612,36.1
17.616,36.1
17.62,36.1
17.624,36.1
17.628,36.1
17.632,36.1
17.636,36.1
17.64,36.1
17.644,36.1
17.648,36.1
17.652,36.1
17.656,36.1
17.66,36.1
17.664,36.1
17.668,36.1
17.672,36.1
17.676,36.1
17.68,36.1
17.684,36.1
17.688,36.1
17.692,36.1
17.696,36.1
17.7,36.1
17.704,36.1
17.708,36.1
17.712,36.1
17.716,36.1
17.72,36.1
17.724,36.1
17.728,36.1
17.732,36.1
17.736,36.1
17.74,36.1
17.744,36.1
17.748,36.1
17.752,36.1
17.756,36.1
17.76,36.1
17.764,36.1
17.768,36.1
17.772,36.1
17.776,36.1
17.78,36.1
17.784,36.1
17.788,36.1
17.792,36.1
17.796,36.1
17.8,36.1
17.804,36.1
17.808,36.1
17.812,36.1
17.816,36.1
17.82,36.1
17.824,36.1
17.828,36.1
17.832,36.1
17.836,36.1
17.84,36.1
17.844,36.1
17.848,36.1
17.852,36.1
17.856,36.1
17.86,36.1
17.864,36.1
17.868,36.1
17.872,36.1
17.876,36.1
17.88,36.1
17.884,36.1
17.888,36.1
17.892,36.1
17.896,36.1
17.9,36.1
17.904,36.1
17.908,36.1
17.912,36.1
17.916,36.1
17.92,36.1
17.924,36.1
17.928,36.1
17.932,36.1
17.936,36.1
17.94,36.1
17.944,36.1
17.948,36.1
17.952,36.1
17.956,36.1
17.96,36.1
17.964,36.1
17.968,36.1
17.972,36.1
17.976,36.1
17.98,36.1
17.984,36.1
17.988,36.1
17.992,36.1
17.996,36.1
18.0,36.1
18.004,36.1
18.008,36.1
18.012,36.1
18.016,36.1
18.02,36.1
18.024,36.1
18.028,36.1
18.032,36.1
18.036,36.1
18.04,36.1
18.044,36.1
18.048,36.1
18.052,36.1
18.056,36.1
18.06,36.1
18.064,36.1
18.068,36.1
18.072,36.1
18.076,36.1
18.08,36.1
18.084,36.1
18.088,36.1
18.092,36.1
18.096,36.1
18.1,36.1
18.104,36.1
18.108,36.1
18.112,36.1
18.116,36.1
18.12,36.1
18.124,36.1
18.128,36.1
18.132,36.1
18.136,36.1
18.14,36.1
18.144,36.1
18.148,36.1
18.152,36.1
18.156,36.1
18.16,36.1
18.164,36.1
18.168,36.1
18.172,36.1
18.176,36.1
18.18,36.1
18.184,36.1
18.188,36.1
18.192,36.1
18.196,36.1
18.2,36.1
18.204,36.1
18.208,36.1
18.212,36.1
18.216,36.1
18.22,36.1
18.224,36.1
18.228,36.1
18.232,36.1
18.236,36.1
18.24,36.1
18.244,36.1
18.248,36.1
18.252,36.1
18.256,36.1
18.26,36.1
18.264,-7.7
18.268,-7.7
18.272,-7.7
18.276,-7.7
18.28,-7.6
18.284,-7.7
18.288,-7.7
18.292,-7.7
18.296,-7.7
18.3,-7.7
18.304,-7.7
18.308,-7.7
18.312,-7.7
18.316,-7.6
18.32,-7.7
18.324,-7.7
18.328,-7.7
18.332,-7.6
18.336,-7.7
18.34,-7.7
18.344,-7.6
18.348,-7.7
18.352,-7.6
18.356,-7.7
18.36,-7.7
18.364,-7.7
18.368,-7.6
18.372,-7.7
18.376,-7.7
18.38,-7.6
18.384,-7.7
18.388,-7.7
18.392,-7.7
18.396,-7.7
18.4,-7.7
18.404,-7.7
18.408,-7.7
18.412,-7.7
18.416,-7.7
18.42,-7.7
18.424,-7.6
18.428,-7.7
18.432,-7.6
18.436,-7.7
18.44,-7.6
18.444,-7.6
18.448,-7.7
18.452,-7.7
18.456,-7.7
18.46,-7.7
18.464,-7.7
18.468,-7.6
18.472,-7.7
18.476,-7.7
18.48,-7.7
18.484,-7.7
18.488,-7.6
18.492,-7.7
18.496,-7.7
18.5,-7.7
18.504,-7.7
18.508,-7.7
18.512,-7.7
18.516,-7.7
18.52,-7.7
18.524,-7.7
18.528,-7.6
18.532,-7.7
18.536,-7.7
18.54,-7.7
18.544,-7.6
18.548,-7.7
18.552,-7.7
18.556,-7.7
18.56,-7.7
18.564,-7.7
18.568,-7.7
18.572,-7.7
18.576,-7.7
18.58,-7.7
18.584,-7.7
18.588,-7.6
18.592,-7.7
18.596,-7.7
18.6,-7.7
18.604,-7.6
18.608,-7.7
18.612,-7.7
18.616,-7.7
18.62,-7.7
18.624,-7.7
18.628,-7.7
18.632,-7.6
18.636,-7.7
18.64,-7.6
18.644,-7.7
18.648,-7.7
18.652,-7.6
18.656,-7.7
18.66,-7.6
18.664,-7.7
18.668,-7.6
18.672,-7.7
18.676,-7.6
18.68,-7.7
18.684,-7.7
18.688,-7.7
18.692,-7.6
18.696,-7.7
18.7,-7.7
18.704,-7.7
18.708,-7.6
18.712,-7.6
18.716,-7.7
18.72,-7.7
18.724,-7.7
18.728,-7.7
18.732,-7.7
18.736,-7.7
18.74,-7.7
18.744,-7.7
18.748,-7.7
18.752,-7.7
18.756,-7.6
18.76,-7.7
18.764,-7.7
18.768,-7.7
18.772,-7.6
18.776,-7.7
18.78,-7.6
18.784,-7.7
18.788,-7.6
18.792,-7.7
18.796,-7.7
18.8,-7.6
18.804,-7.6
18.808,-7.6
18.812,-7.7
18.816,-7.7
18.82,-7.6
18.824,-7.7
18.828,-7.6
18.832,-7.7
18.836,-7.7
18.84,-7.7
18.844,-7.7
18.848,-7.7
18.852,-7.6
18.856,-7.7
18.86,-7.7
18.864,-7.7
18.868,-7.7
18.872,-7.7
18.876,-7.7
18.88,-7.6
18.884,-7.7
18.888,-7.7
18.892,-7.7
18.896,-7.7
18.9,-7.7
18.904,-7.6
18.908,-7.7
18.912,-7.7
18.916,-7.7
18.92,-7.7
18.924,-7.7
18.928,-7.6
18.932,-7.7
18.936,-7.6
18.94,-7.7
18.944,-7.6
18.948,-7.6
18.952,-7.6
18.956,-7.7
18.96,-7.6
18.964,-7.7
18.968,-7.7
18.972,-7.6
18.976,-7.7
18.98,-7.6
18.984,-7.7
18.988,-7.7
18.992,-7.7
18.996,-7.7
19.0,-7.7
19.004,-7.7
19.008,-7.7
19.012,-7.7
19.016,-7.6
19.02,-7.7
19.024,-7.7
19.028,-7.7
19.032,-7.7
19.036,-7.6
19.04,36.1
19.044,36.1
19.048,36.1
19.052,36.1
19.056,36.1
19.06,36.1
19.064,36.1
19.068,36.1
19.072,36.1
19.076,36.1
19.08,36.1
19.084,36.1
19.088,36.1
19.092,36.1
19.096,36.1
19.1,36.1
19.104,36.1
19.108,36.1
19.112,36.1
19.116,36.1
19.12,36.1
19.124,36.1
19.128,36.1
19.132,36.1
19.136,36.1
19.14,36.1
19.144,36.1
19.148,36.1
19.152,36.1
19.156,36.1
19.16,36.1
19.164,36.1
19.168,36.1
19.172,36.1
19.176,36.1
19.18,36.1
19.184,36.1
19.188,36.1
19.192,36.1
19.196,36.1
19.2,36.1
19.204,36.1
19.208,36.1
19.212,36.1
19.216,36.1
19.22,36.1
19.224,36.1
19.228,36.1
19.232,36.1
19.236,36.1
19.24,36.1
19.244,36.1
19.248,36.1
19.252,36.1
19.256,36.1
19.26,36.1
19.264,36.1
19.268,36.1
19.272,36.1
19.276,36.1
19.28,36.1
19.284,36.1
19.288,36.1
19.292,36.1
19.296,36.1
19.3,36.1
19.304,36.1
19.308,36.1
19.312,36.1
19.316,36.1
19.32,36.1
19.324,36.1
19.328,36.1
19.332,36.1
19.336,36.1
19.34,36.1
19.344,36.1
19.348,36.1
19.352,36.1
19.356,36.1
19.36,36.1
19.364,36.1
19.368,36.1
19.372,36.1
19.376,36.1
19.38,36.1
19.384,36.1
19.388,36.1
19.392,36.1
19.396,36.1
19.4,36.1
19.404,36.1
19.408,36.1
19.412,36.1
19.416,36.1
19.42,36.1
19.424,36.1
19.428,36.1
19.432,36.1
19.436,36.1
19.44,36.1
19.444,36.1
19.448,36.1
19.452,36.1
19.456,36.1
19.46,36.1
19.464,36.1
19.468,36.1
19.472,36.1
19.476,36.1
19.48,36.1
19.484,36.1
19.488,36.1
19.492,36.1
19.496,36.1
19.5,36.1
19.504,36.1
19.508,36.1
19.512,36.1
19.516,36.1
19.52,36.1
19.524,36.1
19.528,36.1
19.532,36.1
19.536,36.1
19.54,36.1
19.544,36.1
19.548,36.1
19.552,36.1
19.556,36.1
19.56,36.1
19.564,36.1
19.568,36.1
19.572,36.1
19.576,36.1
19.58,36.1
19.584,36.1
19.588,36.1
19.592,36.1
19.596,36.1
19.6,36.1
19.604,36.1
19.608,36.1
19.612,36.1
19.616,36.1
19.62,36.1
19.624,36.1
19.628,36.1
19.632,36.1
19.636,36.1
19.64,36.1
19.644,36.1
19.648,36.1
19.652,36.1
19.656,36.1
19.66,36.1
19.664,36.1
19.668,36.1
19.672,36.1
19.676,36.1
19.68,36.1
19.684,36.1
19.688,36.1
19.692,36.1
19.696,36.1
19.7,36.1
19.704,36.1
19.708,36.1
19.712,36.1
19.716,36.1
19.72,36.1
19.724,36.1
19.728,36.1
19.732,36.1
19.736,36.1
19.74,36.1
19.744,36.1
19.748,36.1
19.752,36.1
19.756,36.1
19.76,36.1
19.764,36.1
19.768,36.1
19.772,36.1
19.776,36.1
19.78,36.1
19.784,36.1
19.788,36.1
19.792,36.1
19.796,36.1
19.8,36.1
19.804,36.1
19.808,36.1
19.812,-7.6
19.816,-7.6
19.82,-7.6
19.824,-7.7
19.828,-7.7
19.832,-7.7
19.836,-7.7
19.84,-7.7
19.844,-7.7
19.848,-7.7
19.852,-7.7
19.856,-7.7
19.86,-7.7
19.864,-7.7
19.868,-7.7
19.872,-7.7
19.876,-7.7
19.88,-7.6
19.884,-7.6
19.888,-7.7
19.892,-7.7
19.896,-7.7
19.9,-7.7
19.904,-7.6
19.908,-7.7
19.912,-7.7
19.916,-7.7
19.92,-7.7
19.924,-7.7
19.928,-7.6
19.932,-7.7
19.936,-7.7
19.94,-7.6
19.944,-7.7
19.948,-7.7
19.952,-7.6
19.956,-7.7
19.96,-7.6
19.964,-7.7
19.968,-7.7
19.972,-7.7
19.976,-7.7
19.98,-7.7
19.984,-7.7
19.988,-7.7
19.992,-7.7
19.996,-7.7
20.0,-7.7
20.004,-7.7
20.008,-7.7
20.012,-7.7
20.016,-7.6
20.02,-7.7
20.024,-7.6
20.028,-7.7
20.032,-7.7
20.036,-7.6
20.04,-7.7
20.044,-7.7
20.048,-7.7
20.052,-7.7
20.056,-7.7
20.06,-7.7
20.064,-7.7
20.068,-7.7
20.072,-7.7
20.076,-7.7
20.08,-7.7
20.084,-7.7
20.088,-7.6
20.092,-7.6
20.096,-7.7
20.1,-7.6
20.104,-7.6
20.108,-7.6
20.112,-7.7
20.116,-7.6
20.12,-7.6
20.124,-7.6
20.128,-7.7
20.132,-7.7
20.136,-7.7
20.14,-7.6
20.144,-7.7
20.148,-7.7
20.152,-7.6
20.156,-7.7
20.16,-7.7
20.164,-7.7
20.168,-7.7
20.172,-7.6
20.176,-7.7
20.18,-7.7
20.184,-7.7
20.188,-7.7
20.192,-7.6
20.196,-7.7
20.2,-7.7
20.204,-7.7
20.208,-7.7
20.212,-7.7
20.216,-7.7
20.22,-7.6
20.224,-7.7
20.228,-7.6
20.232,-7.7
20.236,-7.7
20.24,-7.6
20.244,-7.7
20.248,-7.7
20.252,-7.7
20.256,-7.7
20.26,-7.7
20.264,-7.7
20.268,-7.7
20.272,-7.6
20.276,-7.7
20.28,-7.7
20.284,-7.7
20.288,-7.6
20.292,-7.7
20.296,-7.7
20.3,-7.6
20.304,-7.7
20.308,-7.6
20.312,-7.6
20.316,-7.7
20.32,-7.6
20.324,-7.6
20.328,-7.7
20.332,-7.7
20.336,-7.7
20.34,-7.6
20.344,-7.6
20.348,-7.7
20.352,-7.6
20.356,-7.7
20.36,-7.7
20.364,-7.7
20.368,-7.7
20.372,-7.7
20.376,-7.7
20.38,-7.6
20.384,-7.7
20.388,-7.7
20.392,-7.7
20.396,-7.7
20.4,-7.6
20.404,-7.7
20.408,-7.7
20.412,-7.6
20.416,-7.7
20.42,-7.6
20.424,-7.7
20.428,-7.7
20.432,-7.7
20.436,-7.7
20.44,-7.6
20.444,-7.7
20.448,-7.7
20.452,-7.6
20.456,-7.7
20.46,-7.7
20.464,-7.7
20.468,-7.7
20.472,-7.7
20.476,-7.7
20.48,-7.6
20.484,-7.7
20.488,-7.7
20.492,-7.6
20.496,-7.7
20.5,-7.6
20.504,-7.6
20.508,-7.7
20.512,-7.7
20.516,-7.7
20.52,-7.7
20.524,-7.7
20.528,-7.7
20.532,-7.6
20.536,-7.7
20.54,-7.7
20.544,-7.7
20.548,-7.7
20.552,-7.7
20.556,-7.6
20.56,-7.6
20.564,-7.7
20.568,-7.7
20.572,-7.7
20.576,-7.6
20.58,-7.7
20.584,-7.6
20.588,-7.6
20.592,36.1
20.596,36.1
20.6,36.1
20.604,36.1
20.608,36.1
20.612,36.1
20.616,36.1
20.62,36.1
20.624,36.1
20.628,36.1
20.632,36.1
20.636,36.1
20.64,36.1
20.644,36.1
20.648,36.1
20.652,36.1
20.656,36.1
20.66,36.1
20.664,36.1
20.668,36.1
20.672,36.1
20.676,36.1
20.68,36.1
20.684,36.1
20.688,36.1
20.692,36.1
20.696,36.1
20.7,36.1
20.704,36.1
20.708,36.1
20.712,36.1
20.716,36.1
20.72,36.1
20.724,36.1
20.728,36.1
20.732,36.1
20.736,36.1
20.74,36.1
20.744,36.1
20.748,36.1
20.752,36.1
20.756,36.1
20.76,36.1
20.764,36.1
20.768,36.1
20.772,36.1
20.776,36.1
20.78,36.1
20.784,36.1
20.788,36.1
20.792,36.1
20.796,36.1
20.8,36.1
20.804,36.1
20.808,36.1
20.812,36.1
20.816,36.1
20.82,36.1
20.824,36.1
20.828,36.1
20.832,36.1
20.836,36.1
20.84,36.1
20.844,36.1
20.848,36.1
20.852,36.1
20.856,36.1
20.86,36.1
20.864,36.1
20.868,36.1
20.872,36.1
20.876,36.1
20.88,36.1
20.884,36.1
20.888,36.1
20.892,36.1
20.896,36.1
20.9,36.1
20.904,36.1
20.908,36.1
20.912,36.1
20.916,36.1
20.92,36.1
20.924,36.1
20.928,36.1
20.932,36.1
20.936,36.1
20.94,36.1
20.944,36.1
20.948,36.1
20.952,36.1
20.956,36.1
20.96,36.1
20.964,36.1
20.968,36.1
20.972,36.1
20.976,36.1
20.98,36.1
20.984,36.1
20.988,36.1
20.992,36.1
20.996,36.1
21.0,36.1
21.004,36.1
21.008,36.1
21.012,36.1
21.016,36.1
21.02,36.1
21.024,36.1
21.028,36.1
21.032,36.1
21.036,36.1
21.04,36.1
21.044,36.1
21.048,36.1
21.052,36.1
21.056,36.1
21.06,36.1
21.064,36.1
21.068,36.1
21.072,36.1
21.076,36.1
21.08,36.1
21.084,36.1
21.088,36.1
21.092,36.1
